path,servicePlanBranch,subGroup,reportName,reportCode,subcatalogId,officialUrl,existsInOfficial,existsInSnapshot,existsInCoverage,visibleInUI,status,missingReason,suggestedFix
"รายงานมาตรฐาน > ข้อมูลตอบสนอง Service Plan > ข้อมูลเพื่อตอบสนอง Service Plan สาขาโรคหัวใจ และหลอดเลือด > กลุ่มผู้ป่วยโรคหลอดเลือดหัวใจ","ข้อมูลเพื่อตอบสนอง Service Plan สาขาโรคหัวใจ และหลอดเลือด","กลุ่มผู้ป่วยโรคหลอดเลือดหัวใจ","อัตราป่วยโรคหัวใจขาดเลือด (I20-I25)","0d40cc093245578ef3ddd91c775c0046","39fd60c25235db479930db85a0e97dd3","https://hdc.moph.go.th/center/public/standard-report-detail/0d40cc093245578ef3ddd91c775c0046?subcatalogId=39fd60c25235db479930db85a0e97dd3","true","false","true","true","upstream_error","HDC upstream returned HTTP 502 for reports/province/data/0d40cc093245578ef3ddd91c775c0046 (already retried 4x with backoff by scripts/snapshot.mjs).","none — transient HDC outage, not a bug in this codebase. Will likely self-heal on next scheduled snapshot run; track if it persists across multiple runs."
"รายงานมาตรฐาน > ข้อมูลตอบสนอง Service Plan > ข้อมูลเพื่อตอบสนอง Service Plan สาขาโรคหัวใจ และหลอดเลือด > กลุ่มผู้ป่วยโรคหลอดเลือดสมอง","ข้อมูลเพื่อตอบสนอง Service Plan สาขาโรคหัวใจ และหลอดเลือด","กลุ่มผู้ป่วยโรคหลอดเลือดสมอง","อัตราผู้ป่วยรายใหม่จากโรคหลอดเลือดสมอง","b184366d9fa112292f8374184b21e1a8","39fd60c25235db479930db85a0e97dd3","https://hdc.moph.go.th/center/public/standard-report-detail/b184366d9fa112292f8374184b21e1a8?subcatalogId=39fd60c25235db479930db85a0e97dd3","true","false","true","true","upstream_error","HDC upstream returned HTTP 502 for reports/province/data/b184366d9fa112292f8374184b21e1a8 (already retried 4x with backoff by scripts/snapshot.mjs).","none — transient HDC outage, not a bug in this codebase. Will likely self-heal on next scheduled snapshot run; track if it persists across multiple runs."
"รายงานมาตรฐาน > ข้อมูลตอบสนอง Service Plan > ข้อมูลเพื่อตอบสนอง Service Plan สาขามะเร็ง","ข้อมูลเพื่อตอบสนอง Service Plan สาขามะเร็ง","","อัตราการคัดกรองมะเร็งปากมดลูกในสตรีไทย อายุ 30-60 ปี","c0cb85481f434d563be6ec98a01cbb92","59acae7a68f02c8e2c0cb88dfc6df3b3","https://hdc.moph.go.th/center/public/standard-report-detail/c0cb85481f434d563be6ec98a01cbb92?subcatalogId=59acae7a68f02c8e2c0cb88dfc6df3b3","true","false","true","true","upstream_error","HDC upstream returned HTTP 502 for reports/province/data/c0cb85481f434d563be6ec98a01cbb92 (already retried 4x with backoff by scripts/snapshot.mjs).","none — transient HDC outage, not a bug in this codebase. Will likely self-heal on next scheduled snapshot run; track if it persists across multiple runs."
"รายงานมาตรฐาน > ข้อมูลตอบสนอง Service Plan > ข้อมูลเพื่อตอบสนอง Service Plan สาขามะเร็ง","ข้อมูลเพื่อตอบสนอง Service Plan สาขามะเร็ง","","ร้อยละของประชากรกลุ่มเป้าหมายได้รับการคัดกรองมะเร็งลำไส้ใหญ่และลำไส้ตรง","c9368ec68b5aae4446b802ef018796c7","59acae7a68f02c8e2c0cb88dfc6df3b3","https://hdc.moph.go.th/center/public/standard-report-detail/c9368ec68b5aae4446b802ef018796c7?subcatalogId=59acae7a68f02c8e2c0cb88dfc6df3b3","true","false","true","true","upstream_error","HDC upstream returned HTTP 502 for reports/province/data/c9368ec68b5aae4446b802ef018796c7 (already retried 4x with backoff by scripts/snapshot.mjs).","none — transient HDC outage, not a bug in this codebase. Will likely self-heal on next scheduled snapshot run; track if it persists across multiple runs."
"รายงานมาตรฐาน > ข้อมูลตอบสนอง Service Plan > ข้อมูลเพื่อตอบสนอง Service Plan สาขามะเร็ง","ข้อมูลเพื่อตอบสนอง Service Plan สาขามะเร็ง","","รายงานผลการคัดกรองมะเร็งปากมดลูก ด้วยวิธี HPV DNA Test","7e1e06b69c142d489ef8155eb291b5ed","59acae7a68f02c8e2c0cb88dfc6df3b3","https://hdc.moph.go.th/center/public/standard-report-detail/7e1e06b69c142d489ef8155eb291b5ed?subcatalogId=59acae7a68f02c8e2c0cb88dfc6df3b3","true","false","true","true","upstream_error","HDC upstream returned HTTP 502 for reports/province/data/7e1e06b69c142d489ef8155eb291b5ed (already retried 4x with backoff by scripts/snapshot.mjs).","none — transient HDC outage, not a bug in this codebase. Will likely self-heal on next scheduled snapshot run; track if it persists across multiple runs."
"รายงานมาตรฐาน > ข้อมูลตอบสนอง Service Plan > ข้อมูลเพื่อตอบสนอง Service Plan สาขามะเร็ง","ข้อมูลเพื่อตอบสนอง Service Plan สาขามะเร็ง","","จำนวนผู้ป่วยด้วยโรคไวรัสตับอักเสบ บี เรื้อรัง ที่เสียชีวิตจากโรคตับแข็งหรือโรคมะเร็งตับ","9d18697edf96471e846a2b72e7c59f3c","59acae7a68f02c8e2c0cb88dfc6df3b3","https://hdc.moph.go.th/center/public/standard-report-detail/9d18697edf96471e846a2b72e7c59f3c?subcatalogId=59acae7a68f02c8e2c0cb88dfc6df3b3","true","false","true","true","upstream_error","HDC upstream returned HTTP 502 for reports/province/data/9d18697edf96471e846a2b72e7c59f3c (already retried 4x with backoff by scripts/snapshot.mjs).","none — transient HDC outage, not a bug in this codebase. Will likely self-heal on next scheduled snapshot run; track if it persists across multiple runs."
"รายงานมาตรฐาน > ข้อมูลตอบสนอง Service Plan > ข้อมูลเพื่อตอบสนอง Service Plan สาขามะเร็ง","ข้อมูลเพื่อตอบสนอง Service Plan สาขามะเร็ง","","ร้อยละของผู้ป่วยโรคไวรัสตับอักเสบซี เรื้อรัง ที่ได้รับการรักษาจนหาย","cef2a37336604ee3b85a6ac5412b995","59acae7a68f02c8e2c0cb88dfc6df3b3","https://hdc.moph.go.th/center/public/standard-report-detail/cef2a37336604ee3b85a6ac5412b995?subcatalogId=59acae7a68f02c8e2c0cb88dfc6df3b3","true","false","true","true","upstream_error","HDC upstream returned HTTP 502 for reports/province/data/cef2a37336604ee3b85a6ac5412b995 (already retried 4x with backoff by scripts/snapshot.mjs).","none — transient HDC outage, not a bug in this codebase. Will likely self-heal on next scheduled snapshot run; track if it persists across multiple runs."
"รายงานมาตรฐาน > ข้อมูลตอบสนอง Service Plan > ข้อมูลเพื่อตอบสนอง Service Plan สาขาสุขภาพจิตและจิตเวช","ข้อมูลเพื่อตอบสนอง Service Plan สาขาสุขภาพจิตและจิตเวช","","ร้อยละของผู้ป่วยโรคซึมเศร้าเข้าถึงบริการ","706b605192b49d385ba044350af9c46a","22710ed5db1ed6b12aab540a7b0753b3","https://hdc.moph.go.th/center/public/standard-report-detail/706b605192b49d385ba044350af9c46a?subcatalogId=22710ed5db1ed6b12aab540a7b0753b3","true","false","true","true","upstream_error","HDC upstream returned HTTP 502 for reports/province/data/706b605192b49d385ba044350af9c46a (already retried 4x with backoff by scripts/snapshot.mjs).","none — transient HDC outage, not a bug in this codebase. Will likely self-heal on next scheduled snapshot run; track if it persists across multiple runs."
"รายงานมาตรฐาน > ข้อมูลตอบสนอง Service Plan > ข้อมูลเพื่อตอบสนอง Service Plan สาขาสุขภาพจิตและจิตเวช","ข้อมูลเพื่อตอบสนอง Service Plan สาขาสุขภาพจิตและจิตเวช","","ร้อยละของผู้ป่วยโรคจิตเภทเข้าถึงบริการ","7b13c6fcfb0be636fc5cce071e49a71a","22710ed5db1ed6b12aab540a7b0753b3","https://hdc.moph.go.th/center/public/standard-report-detail/7b13c6fcfb0be636fc5cce071e49a71a?subcatalogId=22710ed5db1ed6b12aab540a7b0753b3","true","false","true","true","upstream_error","HDC upstream returned HTTP 502 for reports/province/data/7b13c6fcfb0be636fc5cce071e49a71a (already retried 4x with backoff by scripts/snapshot.mjs).","none — transient HDC outage, not a bug in this codebase. Will likely self-heal on next scheduled snapshot run; track if it persists across multiple runs."
"รายงานมาตรฐาน > ข้อมูลตอบสนอง Service Plan > ข้อมูลเพื่อตอบสนอง Service Plan สาขาสุขภาพจิตและจิตเวช","ข้อมูลเพื่อตอบสนอง Service Plan สาขาสุขภาพจิตและจิตเวช","","ร้อยละของผู้ป่วยโรคสมาธิสั้นเข้าถึงบริการสุขภาพจิตที่ได้มาตรฐาน","e0678b73197151b3f181edcb0ee76b97","22710ed5db1ed6b12aab540a7b0753b3","https://hdc.moph.go.th/center/public/standard-report-detail/e0678b73197151b3f181edcb0ee76b97?subcatalogId=22710ed5db1ed6b12aab540a7b0753b3","true","false","true","true","upstream_error","HDC upstream returned HTTP 502 for reports/province/data/e0678b73197151b3f181edcb0ee76b97 (already retried 4x with backoff by scripts/snapshot.mjs).","none — transient HDC outage, not a bug in this codebase. Will likely self-heal on next scheduled snapshot run; track if it persists across multiple runs."
"รายงานมาตรฐาน > ข้อมูลตอบสนอง Service Plan > ข้อมูลเพื่อตอบสนอง Service Plan สาขาสุขภาพจิตและจิตเวช","ข้อมูลเพื่อตอบสนอง Service Plan สาขาสุขภาพจิตและจิตเวช","","ร้อยละของผู้ป่วยโรคออทิสติกเข้าถึงบริการสุขภาพจิตที่ได้มาตรฐาน","e959959205e37be069751dbbe9937802","22710ed5db1ed6b12aab540a7b0753b3","https://hdc.moph.go.th/center/public/standard-report-detail/e959959205e37be069751dbbe9937802?subcatalogId=22710ed5db1ed6b12aab540a7b0753b3","true","false","true","true","upstream_error","HDC upstream returned HTTP 502 for reports/province/data/e959959205e37be069751dbbe9937802 (already retried 4x with backoff by scripts/snapshot.mjs).","none — transient HDC outage, not a bug in this codebase. Will likely self-heal on next scheduled snapshot run; track if it persists across multiple runs."
"รายงานมาตรฐาน > ข้อมูลตอบสนอง Service Plan > ข้อมูลเพื่อตอบสนอง Service Plan สาขาสุขภาพจิตและจิตเวช","ข้อมูลเพื่อตอบสนอง Service Plan สาขาสุขภาพจิตและจิตเวช","","จำนวนผู้ป่วยนอกจิตเวชที่มารับบริการจำแนกรายกลุ่มโรคและสิทธิ","67ce3cd10f4ed5d2b3517f1373ef273d","22710ed5db1ed6b12aab540a7b0753b3","https://hdc.moph.go.th/center/public/standard-report-detail/67ce3cd10f4ed5d2b3517f1373ef273d?subcatalogId=22710ed5db1ed6b12aab540a7b0753b3","true","false","true","true","upstream_error","HDC upstream returned HTTP 502 for reports/province/data/67ce3cd10f4ed5d2b3517f1373ef273d (already retried 4x with backoff by scripts/snapshot.mjs).","none — transient HDC outage, not a bug in this codebase. Will likely self-heal on next scheduled snapshot run; track if it persists across multiple runs."
"รายงานมาตรฐาน > ข้อมูลตอบสนอง Service Plan > ข้อมูลเพื่อตอบสนอง Service Plan สาขาสุขภาพจิตและจิตเวช","ข้อมูลเพื่อตอบสนอง Service Plan สาขาสุขภาพจิตและจิตเวช","","จำนวนผู้ป่วยในจิตเวชที่มารับบริการจำแนกรายกลุ่มโรคและสิทธิ","8a173a9de38de5c0172953d4ebcdcb09","22710ed5db1ed6b12aab540a7b0753b3","https://hdc.moph.go.th/center/public/standard-report-detail/8a173a9de38de5c0172953d4ebcdcb09?subcatalogId=22710ed5db1ed6b12aab540a7b0753b3","true","true","true","true","no_data","Report fetched successfully (HTTP 200, valid JSON) but its column schema has no per-facility column (no hoscode/hospcode/etc.) — data is aggregated by a different dimension (e.g. insurance scheme, diagnosis group), so normalizePakchongRows() correctly returns 0 rows. This is a report-design limitation, not a normalizer bug.","normalizer/UI — render this report at its native aggregation level instead of forcing a facility-row view, or label it 'ไม่มีข้อมูลระดับหน่วยบริการ' explicitly instead of showing a blank table."
"รายงานมาตรฐาน > ข้อมูลตอบสนอง Service Plan > ข้อมูลเพื่อตอบสนอง Service Plan สาขาสุขภาพจิตและจิตเวช","ข้อมูลเพื่อตอบสนอง Service Plan สาขาสุขภาพจิตและจิตเวช","","ร้อยละของผู้ป่วยโรคติดสุราในพื้นที่เข้าถึงบริการ ตามมาตรฐานเพิ่มขึ้น","c053cbe922cb2b0b8aa5ab139c5c7494","22710ed5db1ed6b12aab540a7b0753b3","https://hdc.moph.go.th/center/public/standard-report-detail/c053cbe922cb2b0b8aa5ab139c5c7494?subcatalogId=22710ed5db1ed6b12aab540a7b0753b3","true","false","true","true","upstream_error","HDC upstream returned HTTP 502 for reports/province/data/c053cbe922cb2b0b8aa5ab139c5c7494 (already retried 4x with backoff by scripts/snapshot.mjs).","none — transient HDC outage, not a bug in this codebase. Will likely self-heal on next scheduled snapshot run; track if it persists across multiple runs."
"รายงานมาตรฐาน > ข้อมูลตอบสนอง Service Plan > ข้อมูลเพื่อตอบสนอง Service Plan สาขาสุขภาพจิตและจิตเวช","ข้อมูลเพื่อตอบสนอง Service Plan สาขาสุขภาพจิตและจิตเวช","","ร้อยละของผู้ทำร้ายตนเองเข้าถึงบริการ 15 ปีขึ้นไป","009b430cc231e1b1635963a899eca673","22710ed5db1ed6b12aab540a7b0753b3","https://hdc.moph.go.th/center/public/standard-report-detail/009b430cc231e1b1635963a899eca673?subcatalogId=22710ed5db1ed6b12aab540a7b0753b3","true","false","true","true","upstream_error","HDC upstream returned HTTP 502 for reports/province/data/009b430cc231e1b1635963a899eca673 (already retried 4x with backoff by scripts/snapshot.mjs).","none — transient HDC outage, not a bug in this codebase. Will likely self-heal on next scheduled snapshot run; track if it persists across multiple runs."
"รายงานมาตรฐาน > ข้อมูลตอบสนอง Service Plan > ข้อมูลเพื่อตอบสนอง Service Plan สาขาสุขภาพจิตและจิตเวช","ข้อมูลเพื่อตอบสนอง Service Plan สาขาสุขภาพจิตและจิตเวช","","อัตราการฆ่าตัวตายสำเร็จ","f98aa818686df571817c33e0168966a2","22710ed5db1ed6b12aab540a7b0753b3","https://hdc.moph.go.th/center/public/standard-report-detail/f98aa818686df571817c33e0168966a2?subcatalogId=22710ed5db1ed6b12aab540a7b0753b3","true","false","true","true","upstream_error","HDC upstream returned HTTP 502 for reports/province/data/f98aa818686df571817c33e0168966a2 (already retried 4x with backoff by scripts/snapshot.mjs).","none — transient HDC outage, not a bug in this codebase. Will likely self-heal on next scheduled snapshot run; track if it persists across multiple runs."
"รายงานมาตรฐาน > ข้อมูลตอบสนอง Service Plan > ข้อมูลเพื่อตอบสนอง Service Plan สาขาสุขภาพจิตและจิตเวช","ข้อมูลเพื่อตอบสนอง Service Plan สาขาสุขภาพจิตและจิตเวช","","จำนวนผู้ป่วยจิตเวชยาเสพติดก่อความรุนแรง (SMI-V) ที่ขาดการรักษาก่อความรุนแรงซ้ำจำแนกตามประเภทความรุนแรง ที่มารับการรักษาในปีงบประมาณ","pepa25tv0dy1coasj2c8w","22710ed5db1ed6b12aab540a7b0753b3","https://hdc.moph.go.th/center/public/standard-report-detail/pepa25tv0dy1coasj2c8w?subcatalogId=22710ed5db1ed6b12aab540a7b0753b3","true","false","true","true","upstream_error","HDC upstream returned HTTP 502 for reports/province/data/pepa25tv0dy1coasj2c8w (already retried 4x with backoff by scripts/snapshot.mjs).","none — transient HDC outage, not a bug in this codebase. Will likely self-heal on next scheduled snapshot run; track if it persists across multiple runs."
"รายงานมาตรฐาน > ข้อมูลตอบสนอง Service Plan > ข้อมูลเพื่อตอบสนอง Service Plan สาขาสุขภาพจิตและจิตเวช","ข้อมูลเพื่อตอบสนอง Service Plan สาขาสุขภาพจิตและจิตเวช","","ร้อยละของผู้ป่วยจิตเวชสารเสพติดก่อความรุนแรง (SMI-V) ในเขตสุขภาพเข้าถึงบริการได้รับการดูแลต่อเนื่องและไม่ก่อความรุนแรงซ้ำ","r3yveog8x2yk4ug0tca4z","22710ed5db1ed6b12aab540a7b0753b3","https://hdc.moph.go.th/center/public/standard-report-detail/r3yveog8x2yk4ug0tca4z?subcatalogId=22710ed5db1ed6b12aab540a7b0753b3","true","false","true","true","upstream_error","HDC upstream returned HTTP 502 for reports/province/data/r3yveog8x2yk4ug0tca4z (already retried 4x with backoff by scripts/snapshot.mjs).","none — transient HDC outage, not a bug in this codebase. Will likely self-heal on next scheduled snapshot run; track if it persists across multiple runs."
"รายงานมาตรฐาน > ข้อมูลตอบสนอง Service Plan > ข้อมูลเพื่อตอบสนอง Service Plan สาขาสุขภาพจิตและจิตเวช > ผู้ป่วยที่มีความผิดปกติทางจิตและพฤติกรรมที่เกิดจากการใช้สารออกกฤทธิ์ต่อจิตประสาท","ข้อมูลเพื่อตอบสนอง Service Plan สาขาสุขภาพจิตและจิตเวช","ผู้ป่วยที่มีความผิดปกติทางจิตและพฤติกรรมที่เกิดจากการใช้สารออกกฤทธิ์ต่อจิตประสาท","ร้อยละของผู้ป่วยที่มีความผิดปกติทางจิตและพฤติกรรมที่เกิดจากการใช้สารออกกฤทธิ์ต่อจิตประสาท จำแนกตามภูมิลำเนา","9cf1a79f90362e5d168187a784d0eea3","22710ed5db1ed6b12aab540a7b0753b3","https://hdc.moph.go.th/center/public/standard-report-detail/9cf1a79f90362e5d168187a784d0eea3?subcatalogId=22710ed5db1ed6b12aab540a7b0753b3","true","false","true","true","upstream_error","HDC upstream returned HTTP 502 for reports/province/data/9cf1a79f90362e5d168187a784d0eea3 (already retried 4x with backoff by scripts/snapshot.mjs).","none — transient HDC outage, not a bug in this codebase. Will likely self-heal on next scheduled snapshot run; track if it persists across multiple runs."
"รายงานมาตรฐาน > ข้อมูลตอบสนอง Service Plan > ข้อมูลเพื่อตอบสนอง Service Plan สาขาสุขภาพจิตและจิตเวช > ผู้ป่วยที่มีความผิดปกติทางจิตและพฤติกรรมที่เกิดจากการใช้สารออกกฤทธิ์ต่อจิตประสาท","ข้อมูลเพื่อตอบสนอง Service Plan สาขาสุขภาพจิตและจิตเวช","ผู้ป่วยที่มีความผิดปกติทางจิตและพฤติกรรมที่เกิดจากการใช้สารออกกฤทธิ์ต่อจิตประสาท","จำนวนผู้ป่วยที่มีความผิดปกติทางจิตและพฤติกรรมที่เกิดจากการใช้สารออกฤทธิ์ต่อจิตประสาทที่มีความเสี่ยงต่อการก่อความรุนแรง (SMI-V)","4b20319e6aeb27406976aee91e14c78f","22710ed5db1ed6b12aab540a7b0753b3","https://hdc.moph.go.th/center/public/standard-report-detail/4b20319e6aeb27406976aee91e14c78f?subcatalogId=22710ed5db1ed6b12aab540a7b0753b3","true","false","true","true","upstream_error","HDC upstream returned HTTP 502 for reports/province/data/4b20319e6aeb27406976aee91e14c78f (already retried 4x with backoff by scripts/snapshot.mjs).","none — transient HDC outage, not a bug in this codebase. Will likely self-heal on next scheduled snapshot run; track if it persists across multiple runs."
"รายงานมาตรฐาน > ข้อมูลตอบสนอง Service Plan > ข้อมูลเพื่อตอบสนอง Service Plan สาขาสุขภาพจิตและจิตเวช > ผู้ป่วยที่มีความผิดปกติทางจิตและพฤติกรรมที่เกิดจากการใช้สารออกกฤทธิ์ต่อจิตประสาท","ข้อมูลเพื่อตอบสนอง Service Plan สาขาสุขภาพจิตและจิตเวช","ผู้ป่วยที่มีความผิดปกติทางจิตและพฤติกรรมที่เกิดจากการใช้สารออกกฤทธิ์ต่อจิตประสาท","ร้อยละผู้ป่วยที่มีความผิดปกติทางจิตและพฤติกรรมที่เกิดจากการใช้สารออกฤทธิ์ต่อจิตประสาทที่มีโรคร่วมทางจิต ตามภูมิลำเนา","0b831e13fcaf69d5ce7b3a6b4f99475d","22710ed5db1ed6b12aab540a7b0753b3","https://hdc.moph.go.th/center/public/standard-report-detail/0b831e13fcaf69d5ce7b3a6b4f99475d?subcatalogId=22710ed5db1ed6b12aab540a7b0753b3","true","false","true","true","upstream_error","HDC upstream returned HTTP 502 for reports/province/data/0b831e13fcaf69d5ce7b3a6b4f99475d (already retried 4x with backoff by scripts/snapshot.mjs).","none — transient HDC outage, not a bug in this codebase. Will likely self-heal on next scheduled snapshot run; track if it persists across multiple runs."
"รายงานมาตรฐาน > ข้อมูลตอบสนอง Service Plan > ข้อมูลเพื่อตอบสนอง Service Plan สาขาสุขภาพจิตและจิตเวช > ผู้ป่วยที่มีความผิดปกติทางจิตและพฤติกรรมที่เกิดจากการใช้สารออกกฤทธิ์ต่อจิตประสาท","ข้อมูลเพื่อตอบสนอง Service Plan สาขาสุขภาพจิตและจิตเวช","ผู้ป่วยที่มีความผิดปกติทางจิตและพฤติกรรมที่เกิดจากการใช้สารออกกฤทธิ์ต่อจิตประสาท","ร้อยละผู้ป่วยที่มีความผิดปกติทางจิตและพฤติกรรมที่เกิดจากการใช้สารออกฤทธิ์ต่อจิตประสาทที่มีโรคร่วมทางจิต จำแนกตามสถานพยาบาล (workload)","e9e520871e1315dabbbcc445c202bef0","22710ed5db1ed6b12aab540a7b0753b3","https://hdc.moph.go.th/center/public/standard-report-detail/e9e520871e1315dabbbcc445c202bef0?subcatalogId=22710ed5db1ed6b12aab540a7b0753b3","true","false","true","true","upstream_error","HDC upstream returned HTTP 500 for reports/province/data/e9e520871e1315dabbbcc445c202bef0 (already retried 4x with backoff by scripts/snapshot.mjs).","none — transient HDC outage, not a bug in this codebase. Will likely self-heal on next scheduled snapshot run; track if it persists across multiple runs."
"รายงานมาตรฐาน > ข้อมูลตอบสนอง Service Plan > ข้อมูลเพื่อตอบสนอง Service Plan สาขาสุขภาพจิตและจิตเวช > ผู้ป่วยที่มีความผิดปกติทางจิตและพฤติกรรมที่เกิดจากการใช้สารออกกฤทธิ์ต่อจิตประสาท","ข้อมูลเพื่อตอบสนอง Service Plan สาขาสุขภาพจิตและจิตเวช","ผู้ป่วยที่มีความผิดปกติทางจิตและพฤติกรรมที่เกิดจากการใช้สารออกกฤทธิ์ต่อจิตประสาท","อัตราการเข้าถึงบริการของผู้ป่วยที่มีความผิดปกติทางจิตและพฤติกรรมที่เกิดจากการใช้สารออกฤทธิ์ต่อจิตประสาท","c5hk6azonn9bywrn8hist","22710ed5db1ed6b12aab540a7b0753b3","https://hdc.moph.go.th/center/public/standard-report-detail/c5hk6azonn9bywrn8hist?subcatalogId=22710ed5db1ed6b12aab540a7b0753b3","true","false","true","true","upstream_error","HDC upstream returned HTTP 502 for reports/province/data/c5hk6azonn9bywrn8hist (already retried 4x with backoff by scripts/snapshot.mjs).","none — transient HDC outage, not a bug in this codebase. Will likely self-heal on next scheduled snapshot run; track if it persists across multiple runs."
"รายงานมาตรฐาน > ข้อมูลตอบสนอง Service Plan > ข้อมูลเพื่อตอบสนอง Service Plan สาขาสุขภาพจิตและจิตเวช > ภาพรวมความผิดปกติทางจิตและพฤติกรรม (F00.xx-F99) ตั้งใจทำร้ายตนเอง (X60.xx-X84.xx) และถูกทำร้าย (X85.xx-X99, Y00-Y09)","ข้อมูลเพื่อตอบสนอง Service Plan สาขาสุขภาพจิตและจิตเวช","ภาพรวมความผิดปกติทางจิตและพฤติกรรม (F00.xx-F99) ตั้งใจทำร้ายตนเอง (X60.xx-X84.xx) และถูกทำร้าย (X85.xx-X99, Y00-Y09)","จำนวนและร้อยละของความผิดปกติทางจิตและพฤติกรรม (F00.xx-F99.xx) หรือตั้งใจทำร้ายตนเอง (X60.xx-X84.xx) หรือถูกทำร้าย (X85.xx-X99.xx, Y00.xx-Y09.xx) จำแนกตามกลุ่มอายุและเพศ","5add72ba460b126be0929c21667c0636","22710ed5db1ed6b12aab540a7b0753b3","https://hdc.moph.go.th/center/public/standard-report-detail/5add72ba460b126be0929c21667c0636?subcatalogId=22710ed5db1ed6b12aab540a7b0753b3","true","true","true","true","no_data","Report fetched successfully and has facility-shaped columns, but none of the 24 Pak Chong unit codes appear in its rows for the current fiscal year — could be genuinely zero activity, or the facility-code field name isn't one of the keys normalizePakchongRows() recognizes.","normalizer — spot-check scripts/lib/hdc-normalize.mjs UNIT_CODE_KEYS against this report's raw column names before accepting as a genuine zero."
"รายงานมาตรฐาน > ข้อมูลตอบสนอง Service Plan > ข้อมูลเพื่อตอบสนอง Service Plan สาขาสุขภาพจิตและจิตเวช > ภาพรวมความผิดปกติทางจิตและพฤติกรรม (F00.xx-F99) ตั้งใจทำร้ายตนเอง (X60.xx-X84.xx) และถูกทำร้าย (X85.xx-X99, Y00-Y09)","ข้อมูลเพื่อตอบสนอง Service Plan สาขาสุขภาพจิตและจิตเวช","ภาพรวมความผิดปกติทางจิตและพฤติกรรม (F00.xx-F99) ตั้งใจทำร้ายตนเอง (X60.xx-X84.xx) และถูกทำร้าย (X85.xx-X99, Y00-Y09)","จำนวนและร้อยละของความผิดปกติทางจิตและพฤติกรรม (F00.xx-F99.xx) หรือตั้งใจทำร้ายตนเอง (X60.xx-X84.xx) หรือถูกทำร้าย (X85.xx-X99.xx, Y00.xx-Y09.xx) จำแนกตามพื้นที่และเพศ","e6578ef27efb28c69fa25de79eb7a000","22710ed5db1ed6b12aab540a7b0753b3","https://hdc.moph.go.th/center/public/standard-report-detail/e6578ef27efb28c69fa25de79eb7a000?subcatalogId=22710ed5db1ed6b12aab540a7b0753b3","true","false","true","true","upstream_error","HDC upstream returned HTTP 502 for reports/province/data/e6578ef27efb28c69fa25de79eb7a000 (already retried 4x with backoff by scripts/snapshot.mjs).","none — transient HDC outage, not a bug in this codebase. Will likely self-heal on next scheduled snapshot run; track if it persists across multiple runs."
"รายงานมาตรฐาน > ข้อมูลตอบสนอง Service Plan > ข้อมูลเพื่อตอบสนอง Service Plan สาขาสุขภาพจิตและจิตเวช > ภาพรวมความผิดปกติทางจิตและพฤติกรรม (F00.xx-F99) ตั้งใจทำร้ายตนเอง (X60.xx-X84.xx) และถูกทำร้าย (X85.xx-X99, Y00-Y09)","ข้อมูลเพื่อตอบสนอง Service Plan สาขาสุขภาพจิตและจิตเวช","ภาพรวมความผิดปกติทางจิตและพฤติกรรม (F00.xx-F99) ตั้งใจทำร้ายตนเอง (X60.xx-X84.xx) และถูกทำร้าย (X85.xx-X99, Y00-Y09)","จำนวน (คน/ครั้ง) ของความผิดปกติทางจิตและพฤติกรรม (F00.xx-F99) หรือตั้งใจทำร้ายตนเอง (X60.xx-X84.xx) หรือ ถูกทำร้าย (X85.xx-X99, Y00-Y09) จําแนกตามเพศ กลุ่มโรค และรายโรค (workload)","3865906d6555a8903a8ae3d3e4dc7024","22710ed5db1ed6b12aab540a7b0753b3","https://hdc.moph.go.th/center/public/standard-report-detail/3865906d6555a8903a8ae3d3e4dc7024?subcatalogId=22710ed5db1ed6b12aab540a7b0753b3","true","true","true","true","no_data","Report fetched successfully (HTTP 200, valid JSON) but its column schema has no per-facility column (no hoscode/hospcode/etc.) — data is aggregated by a different dimension (e.g. insurance scheme, diagnosis group), so normalizePakchongRows() correctly returns 0 rows. This is a report-design limitation, not a normalizer bug.","normalizer/UI — render this report at its native aggregation level instead of forcing a facility-row view, or label it 'ไม่มีข้อมูลระดับหน่วยบริการ' explicitly instead of showing a blank table."
"รายงานมาตรฐาน > ข้อมูลตอบสนอง Service Plan > ข้อมูลเพื่อตอบสนอง Service Plan สาขาสุขภาพจิตและจิตเวช > ภาพรวมความผิดปกติทางจิตและพฤติกรรม (F00.xx-F99) ตั้งใจทำร้ายตนเอง (X60.xx-X84.xx) และถูกทำร้าย (X85.xx-X99, Y00-Y09)","ข้อมูลเพื่อตอบสนอง Service Plan สาขาสุขภาพจิตและจิตเวช","ภาพรวมความผิดปกติทางจิตและพฤติกรรม (F00.xx-F99) ตั้งใจทำร้ายตนเอง (X60.xx-X84.xx) และถูกทำร้าย (X85.xx-X99, Y00-Y09)","จำนวน(คน/ครั้ง)ตั้งใจทำร้ายตนเอง (X60.xx-X84.xx) จำแนกตามพื้นที่","40afe7e032874b75b492bc9d46f6d909","22710ed5db1ed6b12aab540a7b0753b3","https://hdc.moph.go.th/center/public/standard-report-detail/40afe7e032874b75b492bc9d46f6d909?subcatalogId=22710ed5db1ed6b12aab540a7b0753b3","true","false","true","true","upstream_error","HDC upstream returned HTTP 502 for reports/province/data/40afe7e032874b75b492bc9d46f6d909 (already retried 4x with backoff by scripts/snapshot.mjs).","none — transient HDC outage, not a bug in this codebase. Will likely self-heal on next scheduled snapshot run; track if it persists across multiple runs."
"รายงานมาตรฐาน > ข้อมูลตอบสนอง Service Plan > ข้อมูลเพื่อตอบสนอง Service Plan สาขาสุขภาพจิตและจิตเวช > ภาพรวมความผิดปกติทางจิตและพฤติกรรม (F00.xx-F99) ตั้งใจทำร้ายตนเอง (X60.xx-X84.xx) และถูกทำร้าย (X85.xx-X99, Y00-Y09)","ข้อมูลเพื่อตอบสนอง Service Plan สาขาสุขภาพจิตและจิตเวช","ภาพรวมความผิดปกติทางจิตและพฤติกรรม (F00.xx-F99) ตั้งใจทำร้ายตนเอง (X60.xx-X84.xx) และถูกทำร้าย (X85.xx-X99, Y00-Y09)","จำนวนและร้อยละวิธีทำร้ายตนเองของการตั้งใจทำร้ายตนเอง (X60.xx-X84.xx) จำแนกตามพื้นที่เกิดเหตุ","8u91ulb626yzilvvqw9bu","22710ed5db1ed6b12aab540a7b0753b3","https://hdc.moph.go.th/center/public/standard-report-detail/8u91ulb626yzilvvqw9bu?subcatalogId=22710ed5db1ed6b12aab540a7b0753b3","true","true","true","true","no_data","Report fetched successfully and has facility-shaped columns, but none of the 24 Pak Chong unit codes appear in its rows for the current fiscal year — could be genuinely zero activity, or the facility-code field name isn't one of the keys normalizePakchongRows() recognizes.","normalizer — spot-check scripts/lib/hdc-normalize.mjs UNIT_CODE_KEYS against this report's raw column names before accepting as a genuine zero."
"รายงานมาตรฐาน > ข้อมูลตอบสนอง Service Plan > ข้อมูลเพื่อตอบสนอง Service Plan สาขาสุขภาพจิตและจิตเวช > ภาพรวมความผิดปกติทางจิตและพฤติกรรม (F00.xx-F99) ตั้งใจทำร้ายตนเอง (X60.xx-X84.xx) และถูกทำร้าย (X85.xx-X99, Y00-Y09)","ข้อมูลเพื่อตอบสนอง Service Plan สาขาสุขภาพจิตและจิตเวช","ภาพรวมความผิดปกติทางจิตและพฤติกรรม (F00.xx-F99) ตั้งใจทำร้ายตนเอง (X60.xx-X84.xx) และถูกทำร้าย (X85.xx-X99, Y00-Y09)","จำนวนและร้อยละของวิธีทำร้ายตนเองของการตั้งใจทำร้ายตนเอง (X60.xx-X84.xx) จำแนกตามสถานที่เกิดเหตุ","52azv70odguyfeo9hozj4","22710ed5db1ed6b12aab540a7b0753b3","https://hdc.moph.go.th/center/public/standard-report-detail/52azv70odguyfeo9hozj4?subcatalogId=22710ed5db1ed6b12aab540a7b0753b3","true","true","true","true","no_data","Report fetched successfully and has facility-shaped columns, but none of the 24 Pak Chong unit codes appear in its rows for the current fiscal year — could be genuinely zero activity, or the facility-code field name isn't one of the keys normalizePakchongRows() recognizes.","normalizer — spot-check scripts/lib/hdc-normalize.mjs UNIT_CODE_KEYS against this report's raw column names before accepting as a genuine zero."
"รายงานมาตรฐาน > ข้อมูลตอบสนอง Service Plan > ข้อมูลเพื่อตอบสนอง Service Plan สาขาสุขภาพจิตและจิตเวช > ภาพรวมความผิดปกติทางจิตและพฤติกรรม (F00.xx-F99) ตั้งใจทำร้ายตนเอง (X60.xx-X84.xx) และถูกทำร้าย (X85.xx-X99, Y00-Y09)","ข้อมูลเพื่อตอบสนอง Service Plan สาขาสุขภาพจิตและจิตเวช","ภาพรวมความผิดปกติทางจิตและพฤติกรรม (F00.xx-F99) ตั้งใจทำร้ายตนเอง (X60.xx-X84.xx) และถูกทำร้าย (X85.xx-X99, Y00-Y09)","จำนวนและร้อยละของวิธีทำร้ายตนเองของการตั้งใจทำร้ายตนเอง (X60.xx-X84.xx) จำแนกตามช่วงเวลาเกิดเหตุ","52azv70odguyfeo9hozj3","22710ed5db1ed6b12aab540a7b0753b3","https://hdc.moph.go.th/center/public/standard-report-detail/52azv70odguyfeo9hozj3?subcatalogId=22710ed5db1ed6b12aab540a7b0753b3","true","true","true","true","no_data","Report fetched successfully and has facility-shaped columns, but none of the 24 Pak Chong unit codes appear in its rows for the current fiscal year — could be genuinely zero activity, or the facility-code field name isn't one of the keys normalizePakchongRows() recognizes.","normalizer — spot-check scripts/lib/hdc-normalize.mjs UNIT_CODE_KEYS against this report's raw column names before accepting as a genuine zero."
"รายงานมาตรฐาน > ข้อมูลตอบสนอง Service Plan > ข้อมูลเพื่อตอบสนอง Service Plan สาขาสุขภาพจิตและจิตเวช > อัตราป่วยรายใหม่และความชุกโรคจิตเวชและปัญหาสุขภาพจิต","ข้อมูลเพื่อตอบสนอง Service Plan สาขาสุขภาพจิตและจิตเวช","อัตราป่วยรายใหม่และความชุกโรคจิตเวชและปัญหาสุขภาพจิต","อัตราป่วยรายใหม่และความชุกของความผิดปกติทางจิตและพฤติกรรมที่เกิดจากการเสพสุรา (F10.xx)","2460b611dc6e6e19e602d2e59c5b1fc1","22710ed5db1ed6b12aab540a7b0753b3","https://hdc.moph.go.th/center/public/standard-report-detail/2460b611dc6e6e19e602d2e59c5b1fc1?subcatalogId=22710ed5db1ed6b12aab540a7b0753b3","true","false","true","true","upstream_error","HDC upstream returned HTTP 502 for reports/province/data/2460b611dc6e6e19e602d2e59c5b1fc1 (already retried 4x with backoff by scripts/snapshot.mjs).","none — transient HDC outage, not a bug in this codebase. Will likely self-heal on next scheduled snapshot run; track if it persists across multiple runs."
"รายงานมาตรฐาน > ข้อมูลตอบสนอง Service Plan > ข้อมูลเพื่อตอบสนอง Service Plan สาขาสุขภาพจิตและจิตเวช > อัตราป่วยรายใหม่และความชุกโรคจิตเวชและปัญหาสุขภาพจิต","ข้อมูลเพื่อตอบสนอง Service Plan สาขาสุขภาพจิตและจิตเวช","อัตราป่วยรายใหม่และความชุกโรคจิตเวชและปัญหาสุขภาพจิต","อัตราป่วยรายใหม่และความชุกของความผิดปกติทางจิตและพฤติกรรมที่เกิดจากการเสพกัญชา (F12.xx)","b8d9c7216a6422827792630e61828eb7","22710ed5db1ed6b12aab540a7b0753b3","https://hdc.moph.go.th/center/public/standard-report-detail/b8d9c7216a6422827792630e61828eb7?subcatalogId=22710ed5db1ed6b12aab540a7b0753b3","true","false","true","true","upstream_error","HDC upstream returned HTTP 502 for reports/province/data/b8d9c7216a6422827792630e61828eb7 (already retried 4x with backoff by scripts/snapshot.mjs).","none — transient HDC outage, not a bug in this codebase. Will likely self-heal on next scheduled snapshot run; track if it persists across multiple runs."
"รายงานมาตรฐาน > ข้อมูลตอบสนอง Service Plan > ข้อมูลเพื่อตอบสนอง Service Plan สาขาสุขภาพจิตและจิตเวช > อัตราป่วยรายใหม่และความชุกโรคจิตเวชและปัญหาสุขภาพจิต","ข้อมูลเพื่อตอบสนอง Service Plan สาขาสุขภาพจิตและจิตเวช","อัตราป่วยรายใหม่และความชุกโรคจิตเวชและปัญหาสุขภาพจิต","อัตราป่วยรายใหม่และความชุกของความผิดปกติทางจิตและพฤติกรรมที่เกิดจากการเสพสารกระตุ้นระบบประสาทอื่น รวมทั้งกาแฟ (F15.xx)","01aa75e283146419fb39100eb469cbfe","22710ed5db1ed6b12aab540a7b0753b3","https://hdc.moph.go.th/center/public/standard-report-detail/01aa75e283146419fb39100eb469cbfe?subcatalogId=22710ed5db1ed6b12aab540a7b0753b3","true","false","true","true","upstream_error","HDC upstream returned HTTP 502 for reports/province/data/01aa75e283146419fb39100eb469cbfe (already retried 4x with backoff by scripts/snapshot.mjs).","none — transient HDC outage, not a bug in this codebase. Will likely self-heal on next scheduled snapshot run; track if it persists across multiple runs."
"รายงานมาตรฐาน > ข้อมูลตอบสนอง Service Plan > ข้อมูลเพื่อตอบสนอง Service Plan สาขาสุขภาพจิตและจิตเวช > อัตราป่วยรายใหม่และความชุกโรคจิตเวชและปัญหาสุขภาพจิต","ข้อมูลเพื่อตอบสนอง Service Plan สาขาสุขภาพจิตและจิตเวช","อัตราป่วยรายใหม่และความชุกโรคจิตเวชและปัญหาสุขภาพจิต","อัตราป่วยรายใหม่และความชุกของโรคจิตเภท (F20.xx)","5d5aa8ea9ee75a5990950984f5a81403","22710ed5db1ed6b12aab540a7b0753b3","https://hdc.moph.go.th/center/public/standard-report-detail/5d5aa8ea9ee75a5990950984f5a81403?subcatalogId=22710ed5db1ed6b12aab540a7b0753b3","true","false","true","true","upstream_error","HDC upstream returned HTTP 502 for reports/province/data/5d5aa8ea9ee75a5990950984f5a81403 (already retried 4x with backoff by scripts/snapshot.mjs).","none — transient HDC outage, not a bug in this codebase. Will likely self-heal on next scheduled snapshot run; track if it persists across multiple runs."
"รายงานมาตรฐาน > ข้อมูลตอบสนอง Service Plan > ข้อมูลเพื่อตอบสนอง Service Plan สาขาสุขภาพจิตและจิตเวช > อัตราป่วยรายใหม่และความชุกโรคจิตเวชและปัญหาสุขภาพจิต","ข้อมูลเพื่อตอบสนอง Service Plan สาขาสุขภาพจิตและจิตเวช","อัตราป่วยรายใหม่และความชุกโรคจิตเวชและปัญหาสุขภาพจิต","อัตราป่วยรายใหม่และความชุกของภาวะเมเนียและโรคอารมณ์สองขั้ว (F30.xx-F31.xx)","1db90fb003cd7f63b4f1b39f1ca00752","22710ed5db1ed6b12aab540a7b0753b3","https://hdc.moph.go.th/center/public/standard-report-detail/1db90fb003cd7f63b4f1b39f1ca00752?subcatalogId=22710ed5db1ed6b12aab540a7b0753b3","true","false","true","true","upstream_error","HDC upstream returned HTTP 502 for reports/province/data/1db90fb003cd7f63b4f1b39f1ca00752 (already retried 4x with backoff by scripts/snapshot.mjs).","none — transient HDC outage, not a bug in this codebase. Will likely self-heal on next scheduled snapshot run; track if it persists across multiple runs."
"รายงานมาตรฐาน > ข้อมูลตอบสนอง Service Plan > ข้อมูลเพื่อตอบสนอง Service Plan สาขาสุขภาพจิตและจิตเวช > อัตราป่วยรายใหม่และความชุกโรคจิตเวชและปัญหาสุขภาพจิต","ข้อมูลเพื่อตอบสนอง Service Plan สาขาสุขภาพจิตและจิตเวช","อัตราป่วยรายใหม่และความชุกโรคจิตเวชและปัญหาสุขภาพจิต","อัตราป่วยรายใหม่และความชุกของโรคซึมเศร้า (F32.xx, F33.xx, F34.1x, F38.xx, F39.xx)","498d921b3210037891f4f2080df1b4f9","22710ed5db1ed6b12aab540a7b0753b3","https://hdc.moph.go.th/center/public/standard-report-detail/498d921b3210037891f4f2080df1b4f9?subcatalogId=22710ed5db1ed6b12aab540a7b0753b3","true","false","true","true","upstream_error","HDC upstream returned HTTP 502 for reports/province/data/498d921b3210037891f4f2080df1b4f9 (already retried 4x with backoff by scripts/snapshot.mjs).","none — transient HDC outage, not a bug in this codebase. Will likely self-heal on next scheduled snapshot run; track if it persists across multiple runs."
"รายงานมาตรฐาน > ข้อมูลตอบสนอง Service Plan > ข้อมูลเพื่อตอบสนอง Service Plan สาขาสุขภาพจิตและจิตเวช > อัตราป่วยรายใหม่และความชุกโรคจิตเวชและปัญหาสุขภาพจิต","ข้อมูลเพื่อตอบสนอง Service Plan สาขาสุขภาพจิตและจิตเวช","อัตราป่วยรายใหม่และความชุกโรคจิตเวชและปัญหาสุขภาพจิต","อัตราป่วยรายใหม่และความชุกของภาวะบกพร่องทางสติปัญญา (F70.xx-F73.xx, F78.xx-F79.xx, Q87.xx, Q90.xx, Q91.xx, Q93.5, Q99.xx)","68e73d39b09688f71f1b087681c5ed5f","22710ed5db1ed6b12aab540a7b0753b3","https://hdc.moph.go.th/center/public/standard-report-detail/68e73d39b09688f71f1b087681c5ed5f?subcatalogId=22710ed5db1ed6b12aab540a7b0753b3","true","false","true","true","upstream_error","HDC upstream returned HTTP 502 for reports/province/data/68e73d39b09688f71f1b087681c5ed5f (already retried 4x with backoff by scripts/snapshot.mjs).","none — transient HDC outage, not a bug in this codebase. Will likely self-heal on next scheduled snapshot run; track if it persists across multiple runs."
"รายงานมาตรฐาน > ข้อมูลตอบสนอง Service Plan > ข้อมูลเพื่อตอบสนอง Service Plan สาขาสุขภาพจิตและจิตเวช > อัตราป่วยรายใหม่และความชุกโรคจิตเวชและปัญหาสุขภาพจิต","ข้อมูลเพื่อตอบสนอง Service Plan สาขาสุขภาพจิตและจิตเวช","อัตราป่วยรายใหม่และความชุกโรคจิตเวชและปัญหาสุขภาพจิต","อัตราป่วยรายใหม่ของผู้ที่มีความผิดปกติของพัฒนาการเฉพาะด้านทางทักษะในการเรียน (F81.xx)","8d86056bc913b15601ce9bb14be67c8c","22710ed5db1ed6b12aab540a7b0753b3","https://hdc.moph.go.th/center/public/standard-report-detail/8d86056bc913b15601ce9bb14be67c8c?subcatalogId=22710ed5db1ed6b12aab540a7b0753b3","true","false","true","true","upstream_error","HDC upstream returned HTTP 502 for reports/province/data/8d86056bc913b15601ce9bb14be67c8c (already retried 4x with backoff by scripts/snapshot.mjs).","none — transient HDC outage, not a bug in this codebase. Will likely self-heal on next scheduled snapshot run; track if it persists across multiple runs."
"รายงานมาตรฐาน > ข้อมูลตอบสนอง Service Plan > ข้อมูลเพื่อตอบสนอง Service Plan สาขาสุขภาพจิตและจิตเวช > อัตราป่วยรายใหม่และความชุกโรคจิตเวชและปัญหาสุขภาพจิต","ข้อมูลเพื่อตอบสนอง Service Plan สาขาสุขภาพจิตและจิตเวช","อัตราป่วยรายใหม่และความชุกโรคจิตเวชและปัญหาสุขภาพจิต","อัตราป่วยรายใหม่และความชุกของความผิดปกติของพัฒนาการที่กระจายไปทุกด้าน (โรคออทิสติก) (F84.0-F84.9)","81344d445afdcf59f014f82f8a00ab87","22710ed5db1ed6b12aab540a7b0753b3","https://hdc.moph.go.th/center/public/standard-report-detail/81344d445afdcf59f014f82f8a00ab87?subcatalogId=22710ed5db1ed6b12aab540a7b0753b3","true","false","true","true","upstream_error","HDC upstream returned HTTP 502 for reports/province/data/81344d445afdcf59f014f82f8a00ab87 (already retried 4x with backoff by scripts/snapshot.mjs).","none — transient HDC outage, not a bug in this codebase. Will likely self-heal on next scheduled snapshot run; track if it persists across multiple runs."
"รายงานมาตรฐาน > ข้อมูลตอบสนอง Service Plan > ข้อมูลเพื่อตอบสนอง Service Plan สาขาสุขภาพจิตและจิตเวช > อัตราป่วยรายใหม่และความชุกโรคจิตเวชและปัญหาสุขภาพจิต","ข้อมูลเพื่อตอบสนอง Service Plan สาขาสุขภาพจิตและจิตเวช","อัตราป่วยรายใหม่และความชุกโรคจิตเวชและปัญหาสุขภาพจิต","อัตราป่วยรายใหม่และความชุกของความผิดปกติแบบอยู่ไม่นิ่ง (โรคสมาธิสั้น) (F90.0-F90.9)","1b57c2040796826045f9e28ac2dc09d4","22710ed5db1ed6b12aab540a7b0753b3","https://hdc.moph.go.th/center/public/standard-report-detail/1b57c2040796826045f9e28ac2dc09d4?subcatalogId=22710ed5db1ed6b12aab540a7b0753b3","true","false","true","true","upstream_error","HDC upstream returned HTTP 502 for reports/province/data/1b57c2040796826045f9e28ac2dc09d4 (already retried 4x with backoff by scripts/snapshot.mjs).","none — transient HDC outage, not a bug in this codebase. Will likely self-heal on next scheduled snapshot run; track if it persists across multiple runs."
"รายงานมาตรฐาน > ข้อมูลตอบสนอง Service Plan > ข้อมูลเพื่อตอบสนอง Service Plan สาขาสุขภาพจิตและจิตเวช > อัตราป่วยรายใหม่และความชุกโรคจิตเวชและปัญหาสุขภาพจิต","ข้อมูลเพื่อตอบสนอง Service Plan สาขาสุขภาพจิตและจิตเวช","อัตราป่วยรายใหม่และความชุกโรคจิตเวชและปัญหาสุขภาพจิต","อัตราป่วยรายใหม่และความชุกของปฏิกิริยาเฉียบพลันต่อความเครียดและความผิดปกติที่เกิดหลังความเครียดที่สะเทือนใจ (F43.0-F43.1)","y3trs3m858i7li85ge7yk","22710ed5db1ed6b12aab540a7b0753b3","https://hdc.moph.go.th/center/public/standard-report-detail/y3trs3m858i7li85ge7yk?subcatalogId=22710ed5db1ed6b12aab540a7b0753b3","true","false","true","true","upstream_error","HDC upstream returned HTTP 502 for reports/province/data/y3trs3m858i7li85ge7yk (already retried 4x with backoff by scripts/snapshot.mjs).","none — transient HDC outage, not a bug in this codebase. Will likely self-heal on next scheduled snapshot run; track if it persists across multiple runs."
"รายงานมาตรฐาน > ข้อมูลตอบสนอง Service Plan > ข้อมูลเพื่อตอบสนอง Service Plan สาขาสุขภาพจิตและจิตเวช > อัตราป่วยรายใหม่และความชุกโรคจิตเวชและปัญหาสุขภาพจิต","ข้อมูลเพื่อตอบสนอง Service Plan สาขาสุขภาพจิตและจิตเวช","อัตราป่วยรายใหม่และความชุกโรคจิตเวชและปัญหาสุขภาพจิต","อัตราป่วยรายใหม่และความชุกของภาวะสมองเสื่อม (F00.xx หรือ G30.xx, F01.xx-F03.xx, G31.1)","hqu2chfi6d2oyqbm4vudk","22710ed5db1ed6b12aab540a7b0753b3","https://hdc.moph.go.th/center/public/standard-report-detail/hqu2chfi6d2oyqbm4vudk?subcatalogId=22710ed5db1ed6b12aab540a7b0753b3","true","false","true","true","upstream_error","HDC upstream returned HTTP 502 for reports/province/data/hqu2chfi6d2oyqbm4vudk (already retried 4x with backoff by scripts/snapshot.mjs).","none — transient HDC outage, not a bug in this codebase. Will likely self-heal on next scheduled snapshot run; track if it persists across multiple runs."
"รายงานมาตรฐาน > ข้อมูลตอบสนอง Service Plan > ข้อมูลเพื่อตอบสนอง Service Plan สาขาสุขภาพจิตและจิตเวช > อัตราป่วยรายใหม่และความชุกโรคจิตเวชและปัญหาสุขภาพจิต","ข้อมูลเพื่อตอบสนอง Service Plan สาขาสุขภาพจิตและจิตเวช","อัตราป่วยรายใหม่และความชุกโรคจิตเวชและปัญหาสุขภาพจิต","อัตราป่วยรายใหม่และความชุกของการตั้งใจทำร้ายตนเอง (X60.xx-X84.xx)","018ef4a0e8ea7c8ca5ce34e99f1f8c67","22710ed5db1ed6b12aab540a7b0753b3","https://hdc.moph.go.th/center/public/standard-report-detail/018ef4a0e8ea7c8ca5ce34e99f1f8c67?subcatalogId=22710ed5db1ed6b12aab540a7b0753b3","true","false","true","true","upstream_error","HDC upstream returned HTTP 502 for reports/province/data/018ef4a0e8ea7c8ca5ce34e99f1f8c67 (already retried 4x with backoff by scripts/snapshot.mjs).","none — transient HDC outage, not a bug in this codebase. Will likely self-heal on next scheduled snapshot run; track if it persists across multiple runs."
"รายงานมาตรฐาน > ข้อมูลตอบสนอง Service Plan > ข้อมูลเพื่อตอบสนอง Service Plan สาขาสุขภาพจิตและจิตเวช > อัตราป่วยรายใหม่และความชุกโรคจิตเวชและปัญหาสุขภาพจิต","ข้อมูลเพื่อตอบสนอง Service Plan สาขาสุขภาพจิตและจิตเวช","อัตราป่วยรายใหม่และความชุกโรคจิตเวชและปัญหาสุขภาพจิต","อัตราป่วยรายใหม่และความชุกของการถูกทำร้าย (X85-X99, Y00.xx-Y09.xx)","018ef461539f7c52ae91e4ad05404855","22710ed5db1ed6b12aab540a7b0753b3","https://hdc.moph.go.th/center/public/standard-report-detail/018ef461539f7c52ae91e4ad05404855?subcatalogId=22710ed5db1ed6b12aab540a7b0753b3","true","false","true","true","upstream_error","HDC upstream returned HTTP 502 for reports/province/data/018ef461539f7c52ae91e4ad05404855 (already retried 4x with backoff by scripts/snapshot.mjs).","none — transient HDC outage, not a bug in this codebase. Will likely self-heal on next scheduled snapshot run; track if it persists across multiple runs."
"รายงานมาตรฐาน > ข้อมูลตอบสนอง Service Plan > ข้อมูลเพื่อตอบสนอง Service Plan สาขาสุขภาพจิตและจิตเวช > อัตราป่วยรายใหม่และความชุกโรคจิตเวชและปัญหาสุขภาพจิต","ข้อมูลเพื่อตอบสนอง Service Plan สาขาสุขภาพจิตและจิตเวช","อัตราป่วยรายใหม่และความชุกโรคจิตเวชและปัญหาสุขภาพจิต","อัตราป่วยรายใหม่และความชุกของความผิดปกติทางจิตและพฤติกรรมที่เกิดจากการเสพยาสูบ (F17.xx)","s5idsfsbjfv4rmgajv3al","22710ed5db1ed6b12aab540a7b0753b3","https://hdc.moph.go.th/center/public/standard-report-detail/s5idsfsbjfv4rmgajv3al?subcatalogId=22710ed5db1ed6b12aab540a7b0753b3","true","false","true","true","upstream_error","HDC upstream returned HTTP 502 for reports/province/data/s5idsfsbjfv4rmgajv3al (already retried 4x with backoff by scripts/snapshot.mjs).","none — transient HDC outage, not a bug in this codebase. Will likely self-heal on next scheduled snapshot run; track if it persists across multiple runs."
"รายงานมาตรฐาน > ข้อมูลตอบสนอง Service Plan > ข้อมูลเพื่อตอบสนอง Service Plan สาขาสุขภาพจิตและจิตเวช > อัตราป่วยรายใหม่และความชุกโรคจิตเวชและปัญหาสุขภาพจิต","ข้อมูลเพื่อตอบสนอง Service Plan สาขาสุขภาพจิตและจิตเวช","อัตราป่วยรายใหม่และความชุกโรคจิตเวชและปัญหาสุขภาพจิต","อัตราป่วยรายใหม่และความชุกของความผิดปกติแบบอื่นของนิสัยและแรงดลใจ (หรือ game addiction: ติดเกมส์อายุตั้งแต่ 15 ปีขึ้นไป) และความผิดปกติอื่นทางพฤติกรรมและอารมณ์ที่มักเริ่มต้นในวัยเด็กและวัยรุ่น ที่ระบุรายละเอียด (หรือ game addiction: ติดเกมส์อายุต่ำว่า 15 ปี (F63.8 , F98.8)","rle6dgty26ayljiakyb1s","22710ed5db1ed6b12aab540a7b0753b3","https://hdc.moph.go.th/center/public/standard-report-detail/rle6dgty26ayljiakyb1s?subcatalogId=22710ed5db1ed6b12aab540a7b0753b3","true","false","true","true","upstream_error","HDC upstream returned HTTP 502 for reports/province/data/rle6dgty26ayljiakyb1s (already retried 4x with backoff by scripts/snapshot.mjs).","none — transient HDC outage, not a bug in this codebase. Will likely self-heal on next scheduled snapshot run; track if it persists across multiple runs."
"รายงานมาตรฐาน > ข้อมูลตอบสนอง Service Plan > ข้อมูลเพื่อตอบสนอง Service Plan สาขาสุขภาพจิตและจิตเวช > อัตราป่วยรายใหม่และความชุกโรคจิตเวชและปัญหาสุขภาพจิต","ข้อมูลเพื่อตอบสนอง Service Plan สาขาสุขภาพจิตและจิตเวช","อัตราป่วยรายใหม่และความชุกโรคจิตเวชและปัญหาสุขภาพจิต","อัตราป่วยรายใหม่และความชุกของความผิดปกติของการนอนที่ไม่ได้เกิดจากโรคทางกาย (F51.xx)","f92qhq3w5aupyhsvq14m7","22710ed5db1ed6b12aab540a7b0753b3","https://hdc.moph.go.th/center/public/standard-report-detail/f92qhq3w5aupyhsvq14m7?subcatalogId=22710ed5db1ed6b12aab540a7b0753b3","true","false","true","true","upstream_error","HDC upstream returned HTTP 502 for reports/province/data/f92qhq3w5aupyhsvq14m7 (already retried 4x with backoff by scripts/snapshot.mjs).","none — transient HDC outage, not a bug in this codebase. Will likely self-heal on next scheduled snapshot run; track if it persists across multiple runs."
"รายงานมาตรฐาน > ข้อมูลตอบสนอง Service Plan > ข้อมูลเพื่อตอบสนอง Service Plan สาขาสุขภาพจิตและจิตเวช > อัตราป่วยรายใหม่และความชุกโรคจิตเวชและปัญหาสุขภาพจิต","ข้อมูลเพื่อตอบสนอง Service Plan สาขาสุขภาพจิตและจิตเวช","อัตราป่วยรายใหม่และความชุกโรคจิตเวชและปัญหาสุขภาพจิต","อัตราป่วยรายใหม่และความชุกของโรคติดการพนัน (F63.0)","6st6tx4auw2x7vi6oec9n","22710ed5db1ed6b12aab540a7b0753b3","https://hdc.moph.go.th/center/public/standard-report-detail/6st6tx4auw2x7vi6oec9n?subcatalogId=22710ed5db1ed6b12aab540a7b0753b3","true","false","true","true","upstream_error","HDC upstream returned HTTP 502 for reports/province/data/6st6tx4auw2x7vi6oec9n (already retried 4x with backoff by scripts/snapshot.mjs).","none — transient HDC outage, not a bug in this codebase. Will likely self-heal on next scheduled snapshot run; track if it persists across multiple runs."
"รายงานมาตรฐาน > ข้อมูลตอบสนอง Service Plan > ข้อมูลเพื่อตอบสนอง Service Plan สาขาสุขภาพจิตและจิตเวช > มีโรคอื่นร่วมด้วยโรคจิตเวชและปัญหาสุขภาพจิต","ข้อมูลเพื่อตอบสนอง Service Plan สาขาสุขภาพจิตและจิตเวช","มีโรคอื่นร่วมด้วยโรคจิตเวชและปัญหาสุขภาพจิต","จำนวนและร้อยละของความผิดปกติทางจิตและพฤติกรรมที่เกิดจากการเสพกัญชา (F12.xx) และมีโรคอื่นร่วมด้วย","7ebbefc8b4d00306d72e0765ac5b437c","22710ed5db1ed6b12aab540a7b0753b3","https://hdc.moph.go.th/center/public/standard-report-detail/7ebbefc8b4d00306d72e0765ac5b437c?subcatalogId=22710ed5db1ed6b12aab540a7b0753b3","true","false","true","true","upstream_error","HDC upstream returned HTTP 502 for reports/province/data/7ebbefc8b4d00306d72e0765ac5b437c (already retried 4x with backoff by scripts/snapshot.mjs).","none — transient HDC outage, not a bug in this codebase. Will likely self-heal on next scheduled snapshot run; track if it persists across multiple runs."
"รายงานมาตรฐาน > ข้อมูลตอบสนอง Service Plan > ข้อมูลเพื่อตอบสนอง Service Plan สาขาสุขภาพจิตและจิตเวช > มีโรคอื่นร่วมด้วยโรคจิตเวชและปัญหาสุขภาพจิต","ข้อมูลเพื่อตอบสนอง Service Plan สาขาสุขภาพจิตและจิตเวช","มีโรคอื่นร่วมด้วยโรคจิตเวชและปัญหาสุขภาพจิต","จำนวนและร้อยละของโรคซึมเศร้า (F32.xx, F33.xx, F34.1, F38.xx, F39) และมีโรคอื่นร่วมด้วย","5a0bcabbf9d337c8c322a9bccce40f59","22710ed5db1ed6b12aab540a7b0753b3","https://hdc.moph.go.th/center/public/standard-report-detail/5a0bcabbf9d337c8c322a9bccce40f59?subcatalogId=22710ed5db1ed6b12aab540a7b0753b3","true","false","true","true","upstream_error","HDC upstream returned HTTP 502 for reports/province/data/5a0bcabbf9d337c8c322a9bccce40f59 (already retried 4x with backoff by scripts/snapshot.mjs).","none — transient HDC outage, not a bug in this codebase. Will likely self-heal on next scheduled snapshot run; track if it persists across multiple runs."
"รายงานมาตรฐาน > ข้อมูลตอบสนอง Service Plan > ข้อมูลเพื่อตอบสนอง Service Plan สาขาสุขภาพจิตและจิตเวช > มีโรคอื่นร่วมด้วยโรคจิตเวชและปัญหาสุขภาพจิต","ข้อมูลเพื่อตอบสนอง Service Plan สาขาสุขภาพจิตและจิตเวช","มีโรคอื่นร่วมด้วยโรคจิตเวชและปัญหาสุขภาพจิต","จำนวนและร้อยละของตั้งใจทำร้ายตนเอง (X60.xx-X84.xx) และมีโรคอื่นร่วมด้วย","02529f850a95724d50099016a40b666b","22710ed5db1ed6b12aab540a7b0753b3","https://hdc.moph.go.th/center/public/standard-report-detail/02529f850a95724d50099016a40b666b?subcatalogId=22710ed5db1ed6b12aab540a7b0753b3","true","false","true","true","upstream_error","HDC upstream returned HTTP 502 for reports/province/data/02529f850a95724d50099016a40b666b (already retried 4x with backoff by scripts/snapshot.mjs).","none — transient HDC outage, not a bug in this codebase. Will likely self-heal on next scheduled snapshot run; track if it persists across multiple runs."
"รายงานมาตรฐาน > ข้อมูลตอบสนอง Service Plan > ข้อมูลเพื่อตอบสนอง Service Plan สาขาสุขภาพจิตและจิตเวช > มีโรคอื่นร่วมด้วยโรคจิตเวชและปัญหาสุขภาพจิต","ข้อมูลเพื่อตอบสนอง Service Plan สาขาสุขภาพจิตและจิตเวช","มีโรคอื่นร่วมด้วยโรคจิตเวชและปัญหาสุขภาพจิต","จำนวนและร้อยละของภาวะบกพร่องทางสติปัญญา (F70.xx-F73.xx, F78.xx-F79.xx, Q87.xx, Q90.xx, Q91.xx, Q93.5, Q99.xx) และมีโรคอื่นร่วมด้วย","eb25f219502fa2b141bf93d","22710ed5db1ed6b12aab540a7b0753b3","https://hdc.moph.go.th/center/public/standard-report-detail/eb25f219502fa2b141bf93d?subcatalogId=22710ed5db1ed6b12aab540a7b0753b3","true","false","true","true","upstream_error","HDC upstream returned HTTP 502 for reports/province/data/eb25f219502fa2b141bf93d (already retried 4x with backoff by scripts/snapshot.mjs).","none — transient HDC outage, not a bug in this codebase. Will likely self-heal on next scheduled snapshot run; track if it persists across multiple runs."
"รายงานมาตรฐาน > ข้อมูลตอบสนอง Service Plan > ข้อมูลเพื่อตอบสนอง Service Plan สาขาสุขภาพจิตและจิตเวช > มีโรคอื่นร่วมด้วยโรคจิตเวชและปัญหาสุขภาพจิต","ข้อมูลเพื่อตอบสนอง Service Plan สาขาสุขภาพจิตและจิตเวช","มีโรคอื่นร่วมด้วยโรคจิตเวชและปัญหาสุขภาพจิต","จำนวนและร้อยละของความผิดปกติของพัฒนาการเฉพาะด้านทางทักษะในการเรียน (F81.xx) และมีโรคอื่นร่วมด้วย","003fb28180c232d0ba95f85","22710ed5db1ed6b12aab540a7b0753b3","https://hdc.moph.go.th/center/public/standard-report-detail/003fb28180c232d0ba95f85?subcatalogId=22710ed5db1ed6b12aab540a7b0753b3","true","false","true","true","upstream_error","HDC upstream returned HTTP 502 for reports/province/data/003fb28180c232d0ba95f85 (already retried 4x with backoff by scripts/snapshot.mjs).","none — transient HDC outage, not a bug in this codebase. Will likely self-heal on next scheduled snapshot run; track if it persists across multiple runs."
"รายงานมาตรฐาน > ข้อมูลตอบสนอง Service Plan > ข้อมูลเพื่อตอบสนอง Service Plan สาขาสุขภาพจิตและจิตเวช > มีโรคอื่นร่วมด้วยโรคจิตเวชและปัญหาสุขภาพจิต","ข้อมูลเพื่อตอบสนอง Service Plan สาขาสุขภาพจิตและจิตเวช","มีโรคอื่นร่วมด้วยโรคจิตเวชและปัญหาสุขภาพจิต","จำนวนและร้อยละของความผิดปกติของพัฒนาการที่กระจายไปทุกด้าน (โรคออทิสติก) (F84.0- F84.9) และมีโรคอื่นร่วมด้วย","018fc30266c0723f9f9d89033d85f409","22710ed5db1ed6b12aab540a7b0753b3","https://hdc.moph.go.th/center/public/standard-report-detail/018fc30266c0723f9f9d89033d85f409?subcatalogId=22710ed5db1ed6b12aab540a7b0753b3","true","false","true","true","upstream_error","HDC upstream returned HTTP 502 for reports/province/data/018fc30266c0723f9f9d89033d85f409 (already retried 4x with backoff by scripts/snapshot.mjs).","none — transient HDC outage, not a bug in this codebase. Will likely self-heal on next scheduled snapshot run; track if it persists across multiple runs."
"รายงานมาตรฐาน > ข้อมูลตอบสนอง Service Plan > ข้อมูลเพื่อตอบสนอง Service Plan สาขาสุขภาพจิตและจิตเวช > มีโรคอื่นร่วมด้วยโรคจิตเวชและปัญหาสุขภาพจิต","ข้อมูลเพื่อตอบสนอง Service Plan สาขาสุขภาพจิตและจิตเวช","มีโรคอื่นร่วมด้วยโรคจิตเวชและปัญหาสุขภาพจิต","จำนวนและร้อยละของความผิดปกติแบบอยู่ไม่นิ่ง (โรคสมาธิสั้น) (F90.0-F90.9) และมีโรคอื่นร่วมด้วย","8sm4njsl0y6b8e9ovd5ji","22710ed5db1ed6b12aab540a7b0753b3","https://hdc.moph.go.th/center/public/standard-report-detail/8sm4njsl0y6b8e9ovd5ji?subcatalogId=22710ed5db1ed6b12aab540a7b0753b3","true","false","true","true","upstream_error","HDC upstream returned HTTP 502 for reports/province/data/8sm4njsl0y6b8e9ovd5ji (already retried 4x with backoff by scripts/snapshot.mjs).","none — transient HDC outage, not a bug in this codebase. Will likely self-heal on next scheduled snapshot run; track if it persists across multiple runs."
"รายงานมาตรฐาน > ข้อมูลตอบสนอง Service Plan > ข้อมูลเพื่อตอบสนอง Service Plan สาขาสุขภาพจิตและจิตเวช > การจัดบริการผู้ป่วยในจิตเวชและสารเสพติด","ข้อมูลเพื่อตอบสนอง Service Plan สาขาสุขภาพจิตและจิตเวช","การจัดบริการผู้ป่วยในจิตเวชและสารเสพติด","ผู้ป่วยจิตเวชและยาเสพติดที่ใช้บริการหอผู้ป่วยจิตเวชและยาเสพติด (รายเดือน) จำแนกตามกลุ่มโรคและรายโรค","sf4qod10yd2fq0b2g14u6","22710ed5db1ed6b12aab540a7b0753b3","https://hdc.moph.go.th/center/public/standard-report-detail/sf4qod10yd2fq0b2g14u6?subcatalogId=22710ed5db1ed6b12aab540a7b0753b3","true","false","true","true","upstream_error","HDC upstream returned HTTP 502 for reports/province/data/sf4qod10yd2fq0b2g14u6 (already retried 4x with backoff by scripts/snapshot.mjs).","none — transient HDC outage, not a bug in this codebase. Will likely self-heal on next scheduled snapshot run; track if it persists across multiple runs."
"รายงานมาตรฐาน > ข้อมูลตอบสนอง Service Plan > ข้อมูลเพื่อตอบสนอง Service Plan สาขาสุขภาพจิตและจิตเวช > บริการทางจิตเวช","ข้อมูลเพื่อตอบสนอง Service Plan สาขาสุขภาพจิตและจิตเวช","บริการทางจิตเวช","จํานวน (คน/ครั้ง) ของการได้รับหัตถการทางจิตเวช และการรักษาด้วยไฟฟ้า (ECT) จําแนกตามกลุ่มอายุ (Workload)","y75ix6dtlv3w8kkat0tzh","22710ed5db1ed6b12aab540a7b0753b3","https://hdc.moph.go.th/center/public/standard-report-detail/y75ix6dtlv3w8kkat0tzh?subcatalogId=22710ed5db1ed6b12aab540a7b0753b3","true","false","true","true","upstream_error","HDC upstream returned HTTP 502 for reports/province/data/y75ix6dtlv3w8kkat0tzh (already retried 4x with backoff by scripts/snapshot.mjs).","none — transient HDC outage, not a bug in this codebase. Will likely self-heal on next scheduled snapshot run; track if it persists across multiple runs."
"รายงานมาตรฐาน > ข้อมูลตอบสนอง Service Plan > ข้อมูลเพื่อตอบสนอง Service Plan สาขาสุขภาพจิตและจิตเวช > บริการทางจิตเวช","ข้อมูลเพื่อตอบสนอง Service Plan สาขาสุขภาพจิตและจิตเวช","บริการทางจิตเวช","จํานวน (คน/ครั้ง) ของการได้รับหัตถการทางจิตเวช และการรักษาด้วยไฟฟ้า (ECT) ของผู้ที่มีความผิดปกติทางจิต และพฤติกรรม (F00.xx-F99) ผู้ที่ตั้งใจทําร้ายตนเอง (X60.xx-X84.xx) และผู้ที่ถูกทําร้าย (X85.xx-X99, Y00-Y09) จําแนกตาม กลุ่มโรค และรายโรคจิตเวชและปัญหาสุขภาพจิต (Workload)","43xlqb8d6pr165hxekf23","22710ed5db1ed6b12aab540a7b0753b3","https://hdc.moph.go.th/center/public/standard-report-detail/43xlqb8d6pr165hxekf23?subcatalogId=22710ed5db1ed6b12aab540a7b0753b3","true","false","true","true","upstream_error","HDC upstream returned HTTP 502 for reports/province/data/43xlqb8d6pr165hxekf23 (already retried 4x with backoff by scripts/snapshot.mjs).","none — transient HDC outage, not a bug in this codebase. Will likely self-heal on next scheduled snapshot run; track if it persists across multiple runs."
"รายงานมาตรฐาน > ข้อมูลตอบสนอง Service Plan > ข้อมูลเพื่อตอบสนอง Service Plan สาขาสุขภาพจิตและจิตเวช > บริการทางจิตเวช","ข้อมูลเพื่อตอบสนอง Service Plan สาขาสุขภาพจิตและจิตเวช","บริการทางจิตเวช","จำนวน (คน/ครั้ง) ของการได้รับการบำบัดสุราและสารเสพติด จำแนกตามกลุ่มอายุ (Workload)","w5d4vesybuzr4msxfzbx3","22710ed5db1ed6b12aab540a7b0753b3","https://hdc.moph.go.th/center/public/standard-report-detail/w5d4vesybuzr4msxfzbx3?subcatalogId=22710ed5db1ed6b12aab540a7b0753b3","true","false","true","true","upstream_error","HDC upstream returned HTTP 502 for reports/province/data/w5d4vesybuzr4msxfzbx3 (already retried 4x with backoff by scripts/snapshot.mjs).","none — transient HDC outage, not a bug in this codebase. Will likely self-heal on next scheduled snapshot run; track if it persists across multiple runs."
"รายงานมาตรฐาน > ข้อมูลตอบสนอง Service Plan > ข้อมูลเพื่อตอบสนอง Service Plan สาขาสุขภาพจิตและจิตเวช > บริการทางจิตเวช","ข้อมูลเพื่อตอบสนอง Service Plan สาขาสุขภาพจิตและจิตเวช","บริการทางจิตเวช","จํานวน (คน/ครั้ง) ของการได้รับการบําบัดสุราและสารเสพติดจําแนกตามรายโรค ของผู้ที่มีความผิดปกติ ทางจิตและพฤติกรรมที่เกิดจากการใช้สารออกฤทธิ์ต่อจิตประสาท (F10.xx – F19.xx) (workload)","g0hkyxp22g3qaymgox6q7","22710ed5db1ed6b12aab540a7b0753b3","https://hdc.moph.go.th/center/public/standard-report-detail/g0hkyxp22g3qaymgox6q7?subcatalogId=22710ed5db1ed6b12aab540a7b0753b3","true","false","true","true","upstream_error","HDC upstream returned HTTP 502 for reports/province/data/g0hkyxp22g3qaymgox6q7 (already retried 4x with backoff by scripts/snapshot.mjs).","none — transient HDC outage, not a bug in this codebase. Will likely self-heal on next scheduled snapshot run; track if it persists across multiple runs."
"รายงานมาตรฐาน > ข้อมูลตอบสนอง Service Plan > ข้อมูลเพื่อตอบสนอง Service Plan สาขาสุขภาพจิตและจิตเวช > บริการทางจิตเวช","ข้อมูลเพื่อตอบสนอง Service Plan สาขาสุขภาพจิตและจิตเวช","บริการทางจิตเวช","จํานวน (คน/ครั้ง) ของการได้รับหัตถการด้านการฟื้นฟู (93.74 – 93.84) และหัตถการทางจิตเวช และการ รักษาด้วยไฟฟ้า (ECT) ในเด็กและวัยรุ่น จําแนกตามกลุ่มอายุ (Workload)","lgrhturgjgi3djzv8vfel","22710ed5db1ed6b12aab540a7b0753b3","https://hdc.moph.go.th/center/public/standard-report-detail/lgrhturgjgi3djzv8vfel?subcatalogId=22710ed5db1ed6b12aab540a7b0753b3","true","true","true","true","no_data","Report fetched successfully (HTTP 200, valid JSON) but its column schema has no per-facility column (no hoscode/hospcode/etc.) — data is aggregated by a different dimension (e.g. insurance scheme, diagnosis group), so normalizePakchongRows() correctly returns 0 rows. This is a report-design limitation, not a normalizer bug.","normalizer/UI — render this report at its native aggregation level instead of forcing a facility-row view, or label it 'ไม่มีข้อมูลระดับหน่วยบริการ' explicitly instead of showing a blank table."
"รายงานมาตรฐาน > ข้อมูลตอบสนอง Service Plan > ข้อมูลเพื่อตอบสนอง Service Plan สาขาสุขภาพจิตและจิตเวช > บริการทางจิตเวช","ข้อมูลเพื่อตอบสนอง Service Plan สาขาสุขภาพจิตและจิตเวช","บริการทางจิตเวช","จำนวน (คน/ครั้ง) ของการได้รับหัตถการด้านการฟื้นฟู (93.74 – 93.84) และหัตถการทางจิตเวช และการรักษาด้วยไฟฟ้า (ECT) ในเด็กและวัยรุ่น จำแนกตามโรค (Workload)","g7pgz6gdxanq1y1mj2lu3","22710ed5db1ed6b12aab540a7b0753b3","https://hdc.moph.go.th/center/public/standard-report-detail/g7pgz6gdxanq1y1mj2lu3?subcatalogId=22710ed5db1ed6b12aab540a7b0753b3","true","true","true","true","no_data","Report fetched successfully (HTTP 200, valid JSON) but its column schema has no per-facility column (no hoscode/hospcode/etc.) — data is aggregated by a different dimension (e.g. insurance scheme, diagnosis group), so normalizePakchongRows() correctly returns 0 rows. This is a report-design limitation, not a normalizer bug.","normalizer/UI — render this report at its native aggregation level instead of forcing a facility-row view, or label it 'ไม่มีข้อมูลระดับหน่วยบริการ' explicitly instead of showing a blank table."
"รายงานมาตรฐาน > ข้อมูลตอบสนอง Service Plan > ข้อมูลเพื่อตอบสนอง Service Plan สาขาตา","ข้อมูลเพื่อตอบสนอง Service Plan สาขาตา","","จำนวนทารกที่เกิดก่อนกำหนดแยกตามอายุครรภ์ (ROP)","6105c19c6d63fcd8efffe55215eeb2e5","3f32171e7f7b8dc7f36949985cdf3d30","https://hdc.moph.go.th/center/public/standard-report-detail/6105c19c6d63fcd8efffe55215eeb2e5?subcatalogId=3f32171e7f7b8dc7f36949985cdf3d30","true","false","true","true","upstream_error","HDC upstream returned HTTP 502 for reports/province/data/6105c19c6d63fcd8efffe55215eeb2e5 (already retried 4x with backoff by scripts/snapshot.mjs).","none — transient HDC outage, not a bug in this codebase. Will likely self-heal on next scheduled snapshot run; track if it persists across multiple runs."
"รายงานมาตรฐาน > ข้อมูลตอบสนอง Service Plan > ข้อมูลเพื่อตอบสนอง Service Plan สาขาตา","ข้อมูลเพื่อตอบสนอง Service Plan สาขาตา","","จำนวนทารกแรกเกิดแยกตามน้ำหนัก(ROP)","3d15c699c3bed0f1d2778afb98e25bfe","3f32171e7f7b8dc7f36949985cdf3d30","https://hdc.moph.go.th/center/public/standard-report-detail/3d15c699c3bed0f1d2778afb98e25bfe?subcatalogId=3f32171e7f7b8dc7f36949985cdf3d30","true","false","true","true","upstream_error","HDC upstream returned HTTP 502 for reports/province/data/3d15c699c3bed0f1d2778afb98e25bfe (already retried 4x with backoff by scripts/snapshot.mjs).","none — transient HDC outage, not a bug in this codebase. Will likely self-heal on next scheduled snapshot run; track if it persists across multiple runs."
"รายงานมาตรฐาน > ข้อมูลตอบสนอง Service Plan > ข้อมูลเพื่อตอบสนอง Service Plan สาขาตา","ข้อมูลเพื่อตอบสนอง Service Plan สาขาตา","","จำนวนผู้ป่วยเป็นโรคจอตาผิดปกติจากการเกิดก่อนกำหนด (ROP) จำแนกตามเขตพื้นที่ เพศ และสัญชาติ","852d670531d8827732d1945e587262d9","3f32171e7f7b8dc7f36949985cdf3d30","https://hdc.moph.go.th/center/public/standard-report-detail/852d670531d8827732d1945e587262d9?subcatalogId=3f32171e7f7b8dc7f36949985cdf3d30","true","false","true","true","upstream_error","HDC upstream returned HTTP 502 for reports/province/data/852d670531d8827732d1945e587262d9 (already retried 4x with backoff by scripts/snapshot.mjs).","none — transient HDC outage, not a bug in this codebase. Will likely self-heal on next scheduled snapshot run; track if it persists across multiple runs."
"รายงานมาตรฐาน > ข้อมูลตอบสนอง Service Plan > ข้อมูลเพื่อตอบสนอง Service Plan สาขาตา","ข้อมูลเพื่อตอบสนอง Service Plan สาขาตา","","จำนวนผู้ป่วยเป็นโรคจอตาผิดปกติจากการเกิดก่อนกำหนด (ROP) จำแนกตามช่วงเวลาที่ได้รับหัตถการ","842d10410ca25f33a0cafd51c7815325","3f32171e7f7b8dc7f36949985cdf3d30","https://hdc.moph.go.th/center/public/standard-report-detail/842d10410ca25f33a0cafd51c7815325?subcatalogId=3f32171e7f7b8dc7f36949985cdf3d30","true","false","true","true","upstream_error","HDC upstream returned HTTP 502 for reports/province/data/842d10410ca25f33a0cafd51c7815325 (already retried 4x with backoff by scripts/snapshot.mjs).","none — transient HDC outage, not a bug in this codebase. Will likely self-heal on next scheduled snapshot run; track if it persists across multiple runs."
"รายงานมาตรฐาน > ข้อมูลตอบสนอง Service Plan > ข้อมูลเพื่อตอบสนอง Service Plan สาขาตา","ข้อมูลเพื่อตอบสนอง Service Plan สาขาตา","","จำนวนหัตถการในผู้ป่วยเป็นโรคจอตาผิดปกติจากการเกิดก่อนกำหนด (ROP)","7bf4381172d5c4e05885f4bf4339e43d","3f32171e7f7b8dc7f36949985cdf3d30","https://hdc.moph.go.th/center/public/standard-report-detail/7bf4381172d5c4e05885f4bf4339e43d?subcatalogId=3f32171e7f7b8dc7f36949985cdf3d30","true","false","true","true","upstream_error","HDC upstream returned HTTP 502 for reports/province/data/7bf4381172d5c4e05885f4bf4339e43d (already retried 4x with backoff by scripts/snapshot.mjs).","none — transient HDC outage, not a bug in this codebase. Will likely self-heal on next scheduled snapshot run; track if it persists across multiple runs."
"รายงานมาตรฐาน > ข้อมูลตอบสนอง Service Plan > ข้อมูลเพื่อตอบสนอง Service Plan สาขาไต > คัดกรอง/ค้นหาเสี่ยงป่วยรายใหม่ (Coverage)","ข้อมูลเพื่อตอบสนอง Service Plan สาขาไต","คัดกรอง/ค้นหาเสี่ยงป่วยรายใหม่ (Coverage)","CKD 1.2 ร้อยละของผู้ป่วย DM, HT เป็นโรคไตเรื้อรังรายใหม่ (ในปีงบประมาณ) (พิจารณาเฉพาะผู้ป่วยที่วันที่ได้รับการคัดกรองเกิดก่อนวันที่ได้รับการวินิจฉัยว่าเป็น CKD)","dbec55e36330055a8cf0b6d05c2c354a","e71a73a77b1474e63b71bccf727009ce","https://hdc.moph.go.th/center/public/standard-report-detail/dbec55e36330055a8cf0b6d05c2c354a?subcatalogId=e71a73a77b1474e63b71bccf727009ce","true","true","true","true","no_data","Report fetched successfully (HTTP 200, valid JSON) but its column schema has no per-facility column (no hoscode/hospcode/etc.) — data is aggregated by a different dimension (e.g. insurance scheme, diagnosis group), so normalizePakchongRows() correctly returns 0 rows. This is a report-design limitation, not a normalizer bug.","normalizer/UI — render this report at its native aggregation level instead of forcing a facility-row view, or label it 'ไม่มีข้อมูลระดับหน่วยบริการ' explicitly instead of showing a blank table."
"รายงานมาตรฐาน > ข้อมูลตอบสนอง Service Plan > ข้อมูลเพื่อตอบสนอง Service Plan สาขาโรคไม่ติดต่อ (NCD DM,HT,CVD) > โรคระบบหัวใจหลอดเลือด(CVD)","ข้อมูลเพื่อตอบสนอง Service Plan สาขาโรคไม่ติดต่อ (NCD DM,HT,CVD)","โรคระบบหัวใจหลอดเลือด(CVD)","อัตราผู้ป่วยเบาหวาน ความดันโลหิตสูงที่ขึ้นทะเบียนได้รับการประเมินโอกาสเสี่ยงต่อโรคหัวใจและหลอดเลือด (CVD Risk) จำแนกตาม Risk Score","1759fcc16f41cc2eaa2d6a8421892d65","b2b59e64c4e6c92d4b1ec16a599d882b","https://hdc.moph.go.th/center/public/standard-report-detail/1759fcc16f41cc2eaa2d6a8421892d65?subcatalogId=b2b59e64c4e6c92d4b1ec16a599d882b","true","true","true","true","no_data","Report fetched successfully (HTTP 200, valid JSON) but its column schema has no per-facility column (no hoscode/hospcode/etc.) — data is aggregated by a different dimension (e.g. insurance scheme, diagnosis group), so normalizePakchongRows() correctly returns 0 rows. This is a report-design limitation, not a normalizer bug.","normalizer/UI — render this report at its native aggregation level instead of forcing a facility-row view, or label it 'ไม่มีข้อมูลระดับหน่วยบริการ' explicitly instead of showing a blank table."
"รายงานมาตรฐาน > ข้อมูลตอบสนอง Service Plan > ข้อมูลเพื่อตอบสนอง Service Plan สาขาโรคปอดอุดกั้นเรื้อรัง(COPD)","ข้อมูลเพื่อตอบสนอง Service Plan สาขาโรคปอดอุดกั้นเรื้อรัง(COPD)","","อัตราการกำเริบเฉียบพลันที่ได้รับการรักษาในห้องฉุกเฉินหรือ ผู้ป่วยนอก หรือต้องนอนรักษาในโรงพยาบาลในผู้ป่วยโรคหืด อายุน้อยกว่า 15 ปี (ครั้งต่อ 100 ผู้ป่วยโรคหืด)","679gf1rmhjczfo82khkk9","67473ea582306d345ce1bb44b06ba2e9","https://hdc.moph.go.th/center/public/standard-report-detail/679gf1rmhjczfo82khkk9?subcatalogId=67473ea582306d345ce1bb44b06ba2e9","true","false","true","true","upstream_error","HDC upstream returned HTTP 502 for reports/province/data/679gf1rmhjczfo82khkk9 (already retried 4x with backoff by scripts/snapshot.mjs).","none — transient HDC outage, not a bug in this codebase. Will likely self-heal on next scheduled snapshot run; track if it persists across multiple runs."
"รายงานมาตรฐาน > ข้อมูลตอบสนอง Service Plan > ข้อมูลเพื่อตอบสนอง Service Plan สาขาโรคปอดอุดกั้นเรื้อรัง(COPD)","ข้อมูลเพื่อตอบสนอง Service Plan สาขาโรคปอดอุดกั้นเรื้อรัง(COPD)","","อัตราการกำเริบเฉียบพลันที่ได้รับการรักษาในห้องฉุกเฉินหรือ ผู้ป่วยนอก หรือต้องนอนรักษาในโรงพยาบาลในผู้ป่วยโรคหืด อายุ 15 ปีขึ้นไป (ครั้งต่อ 100 ผู้ป่วยโรคหืด)","qkx435pwp0c2l44qtaubk","67473ea582306d345ce1bb44b06ba2e9","https://hdc.moph.go.th/center/public/standard-report-detail/qkx435pwp0c2l44qtaubk?subcatalogId=67473ea582306d345ce1bb44b06ba2e9","true","false","true","true","upstream_error","HDC upstream returned HTTP 502 for reports/province/data/qkx435pwp0c2l44qtaubk (already retried 4x with backoff by scripts/snapshot.mjs).","none — transient HDC outage, not a bug in this codebase. Will likely self-heal on next scheduled snapshot run; track if it persists across multiple runs."
"รายงานมาตรฐาน > ข้อมูลตอบสนอง Service Plan > ข้อมูลเพื่อตอบสนอง Service Plan สาขา RDU","ข้อมูลเพื่อตอบสนอง Service Plan สาขา RDU","","ค่า Defined Daily Dose (DDD) ของยาปฏิชีวนะชนิดรับประทานต่อ 1000 OP Visit แยกตามชื่อสามัญทางยา (Generic name)","ecb7af2dc881088d964f827317a563f4","03b912ab9ccb4c07280a89bf05e5900e","https://hdc.moph.go.th/center/public/standard-report-detail/ecb7af2dc881088d964f827317a563f4?subcatalogId=03b912ab9ccb4c07280a89bf05e5900e","true","false","true","true","upstream_error","HDC upstream returned HTTP 502 for reports/province/data/ecb7af2dc881088d964f827317a563f4 (already retried 4x with backoff by scripts/snapshot.mjs).","none — transient HDC outage, not a bug in this codebase. Will likely self-heal on next scheduled snapshot run; track if it persists across multiple runs."
"รายงานมาตรฐาน > ข้อมูลตอบสนอง Service Plan > ข้อมูลเพื่อตอบสนอง Service Plan สาขา RDU","ข้อมูลเพื่อตอบสนอง Service Plan สาขา RDU","","ค่า Defined Daily Dose (DDD) ของยาปฏิชีวนะชนิดรับประทานต่อ 1000 OP Visit แยกตามกลุ่มยา (Class)","63c6046a389a3cd9c69a432cf0ae783b","03b912ab9ccb4c07280a89bf05e5900e","https://hdc.moph.go.th/center/public/standard-report-detail/63c6046a389a3cd9c69a432cf0ae783b?subcatalogId=03b912ab9ccb4c07280a89bf05e5900e","true","false","true","true","upstream_error","HDC upstream returned HTTP 502 for reports/province/data/63c6046a389a3cd9c69a432cf0ae783b (already retried 4x with backoff by scripts/snapshot.mjs).","none — transient HDC outage, not a bug in this codebase. Will likely self-heal on next scheduled snapshot run; track if it persists across multiple runs."
"รายงานมาตรฐาน > ข้อมูลตอบสนอง Service Plan > ข้อมูลเพื่อตอบสนอง Service Plan สาขา RDU","ข้อมูลเพื่อตอบสนอง Service Plan สาขา RDU","","ค่า Defined Daily Dose (DDD) ของยาปฏิชีวนะชนิดฉีดที่ใช้ในผู้ป่วยที่รับไว้รักษาในโรงพยาบาล (Admit) ต่อ 100 วันนอน แยกตามชื่อสามัญทางยา (Generic name)","343b3670ccb93a18bcc1951a41d239f5","03b912ab9ccb4c07280a89bf05e5900e","https://hdc.moph.go.th/center/public/standard-report-detail/343b3670ccb93a18bcc1951a41d239f5?subcatalogId=03b912ab9ccb4c07280a89bf05e5900e","true","false","true","true","upstream_error","HDC upstream returned HTTP 500 for reports/province/data/343b3670ccb93a18bcc1951a41d239f5 (already retried 4x with backoff by scripts/snapshot.mjs).","none — transient HDC outage, not a bug in this codebase. Will likely self-heal on next scheduled snapshot run; track if it persists across multiple runs."
"รายงานมาตรฐาน > ข้อมูลตอบสนอง Service Plan > ข้อมูลเพื่อตอบสนอง Service Plan สาขา RDU","ข้อมูลเพื่อตอบสนอง Service Plan สาขา RDU","","ค่า Defined Daily Dose (DDD) ของยาปฏิชีวนะชนิดฉีดที่ใช้ในผู้ป่วยที่รับไว้รักษาในโรงพยาบาล (Admit) ต่อ 100 วันนอน แยกตามกลุ่มยา (Class)","d58534279f78467bea5e48ae9cbd28ef","03b912ab9ccb4c07280a89bf05e5900e","https://hdc.moph.go.th/center/public/standard-report-detail/d58534279f78467bea5e48ae9cbd28ef?subcatalogId=03b912ab9ccb4c07280a89bf05e5900e","true","false","true","true","upstream_error","HDC upstream returned HTTP 502 for reports/province/data/d58534279f78467bea5e48ae9cbd28ef (already retried 4x with backoff by scripts/snapshot.mjs).","none — transient HDC outage, not a bug in this codebase. Will likely self-heal on next scheduled snapshot run; track if it persists across multiple runs."
"รายงานมาตรฐาน > ข้อมูลตอบสนอง Service Plan > ข้อมูลเพื่อตอบสนอง Service Plan สาขายาเสพติด > รายงานเกี่ยวกับการบริโภคยาสูบ","ข้อมูลเพื่อตอบสนอง Service Plan สาขายาเสพติด","รายงานเกี่ยวกับการบริโภคยาสูบ","การคัดกรองและการบำบัดผู้ติดบุหรี่ สะสมรายเดือน(specialpp)","e175f4c1757b3bb0e171f4711757bbfc","06b9ffbd9fa83f29fef3a7e7ba8119d6","https://hdc.moph.go.th/center/public/standard-report-detail/e175f4c1757b3bb0e171f4711757bbfc?subcatalogId=06b9ffbd9fa83f29fef3a7e7ba8119d6","true","false","true","true","upstream_error","HDC upstream returned HTTP 502 for reports/province/data/e175f4c1757b3bb0e171f4711757bbfc (already retried 4x with backoff by scripts/snapshot.mjs).","none — transient HDC outage, not a bug in this codebase. Will likely self-heal on next scheduled snapshot run; track if it persists across multiple runs."
"รายงานมาตรฐาน > ข้อมูลตอบสนอง Service Plan > ข้อมูลเพื่อตอบสนอง Service Plan สาขายาเสพติด > รายงานเกี่ยวกับการบริโภคยาสูบ","ข้อมูลเพื่อตอบสนอง Service Plan สาขายาเสพติด","รายงานเกี่ยวกับการบริโภคยาสูบ","รายงานสรุปการคัดกรองและบำบัดบุหรี่ของประชากรในเขตพื้นที่รับผิดชอบ 3 ปีย้อนหลัง","d1bb2f1dcfd318bec659b31684a8e8fa","06b9ffbd9fa83f29fef3a7e7ba8119d6","https://hdc.moph.go.th/center/public/standard-report-detail/d1bb2f1dcfd318bec659b31684a8e8fa?subcatalogId=06b9ffbd9fa83f29fef3a7e7ba8119d6","true","false","true","true","upstream_error","HDC upstream returned HTTP 502 for reports/province/data/d1bb2f1dcfd318bec659b31684a8e8fa (already retried 4x with backoff by scripts/snapshot.mjs).","none — transient HDC outage, not a bug in this codebase. Will likely self-heal on next scheduled snapshot run; track if it persists across multiple runs."
"รายงานมาตรฐาน > ข้อมูลตอบสนอง Service Plan > ข้อมูลเพื่อตอบสนอง Service Plan สาขายาเสพติด > รายงานเกี่ยวกับการบริโภคยาสูบ","ข้อมูลเพื่อตอบสนอง Service Plan สาขายาเสพติด","รายงานเกี่ยวกับการบริโภคยาสูบ","รายงานการบำบัดบุหรี่และการเลิกบุหรี่ของประชากรในเขตพื้นที่รับผิดชอบ 3 ปีย้อนหลัง","a2d0adf54bcd44b1f18931a7b544ad93","06b9ffbd9fa83f29fef3a7e7ba8119d6","https://hdc.moph.go.th/center/public/standard-report-detail/a2d0adf54bcd44b1f18931a7b544ad93?subcatalogId=06b9ffbd9fa83f29fef3a7e7ba8119d6","true","false","true","true","upstream_error","HDC upstream returned HTTP 502 for reports/province/data/a2d0adf54bcd44b1f18931a7b544ad93 (already retried 4x with backoff by scripts/snapshot.mjs).","none — transient HDC outage, not a bug in this codebase. Will likely self-heal on next scheduled snapshot run; track if it persists across multiple runs."
"รายงานมาตรฐาน > ข้อมูลตอบสนอง Service Plan > ข้อมูลเพื่อตอบสนอง Service Plan สาขายาเสพติด > รายงานเกี่ยวกับการบริโภคยาสูบ","ข้อมูลเพื่อตอบสนอง Service Plan สาขายาเสพติด","รายงานเกี่ยวกับการบริโภคยาสูบ","รายงานจำแนกตามการบำบัดบุหรี่และผลการเลิกบุหรี่ของประชากรในเขตพื้นที่รับผิดชอบ 3 ปีย้อนหลัง","20a44e5e35a3d1127bf26ef11ef6a5c6","06b9ffbd9fa83f29fef3a7e7ba8119d6","https://hdc.moph.go.th/center/public/standard-report-detail/20a44e5e35a3d1127bf26ef11ef6a5c6?subcatalogId=06b9ffbd9fa83f29fef3a7e7ba8119d6","true","true","true","true","no_data","Report fetched successfully (HTTP 200, valid JSON) but its column schema has no per-facility column (no hoscode/hospcode/etc.) — data is aggregated by a different dimension (e.g. insurance scheme, diagnosis group), so normalizePakchongRows() correctly returns 0 rows. This is a report-design limitation, not a normalizer bug.","normalizer/UI — render this report at its native aggregation level instead of forcing a facility-row view, or label it 'ไม่มีข้อมูลระดับหน่วยบริการ' explicitly instead of showing a blank table."
"รายงานมาตรฐาน > ข้อมูลตอบสนอง Service Plan > ข้อมูลเพื่อตอบสนอง Service Plan สาขายาเสพติด > รายงานเกี่ยวกับการบริโภคยาสูบ","ข้อมูลเพื่อตอบสนอง Service Plan สาขายาเสพติด","รายงานเกี่ยวกับการบริโภคยาสูบ","รายงานจำนวนครั้งที่ประชากรในเขตรับผิดชอบได้รับการบันทึกข้อมูลเกี่ยวกับบุหรี่ 3 ปีย้อนหลัง","c2f0d2698895dbf20a4ec7310748a8dd","06b9ffbd9fa83f29fef3a7e7ba8119d6","https://hdc.moph.go.th/center/public/standard-report-detail/c2f0d2698895dbf20a4ec7310748a8dd?subcatalogId=06b9ffbd9fa83f29fef3a7e7ba8119d6","true","false","true","true","upstream_error","HDC upstream returned HTTP 500 for reports/province/data/c2f0d2698895dbf20a4ec7310748a8dd (already retried 4x with backoff by scripts/snapshot.mjs).","none — transient HDC outage, not a bug in this codebase. Will likely self-heal on next scheduled snapshot run; track if it persists across multiple runs."
"รายงานมาตรฐาน > ข้อมูลตอบสนอง Service Plan > ข้อมูลเพื่อตอบสนอง Service Plan สาขายาเสพติด > รายงานเกี่ยวกับการบริโภคยาสูบ","ข้อมูลเพื่อตอบสนอง Service Plan สาขายาเสพติด","รายงานเกี่ยวกับการบริโภคยาสูบ","การเปลี่ยนแปลงสถานการณ์การสูบจากครั้งแรกกับครั้งสุดท้าย 3 ปีย้อนหลัง","b5e34f41ef8f6bf16a27b40f08406a65","06b9ffbd9fa83f29fef3a7e7ba8119d6","https://hdc.moph.go.th/center/public/standard-report-detail/b5e34f41ef8f6bf16a27b40f08406a65?subcatalogId=06b9ffbd9fa83f29fef3a7e7ba8119d6","true","false","true","true","upstream_error","HDC upstream returned HTTP 500 for reports/province/data/b5e34f41ef8f6bf16a27b40f08406a65 (already retried 4x with backoff by scripts/snapshot.mjs).","none — transient HDC outage, not a bug in this codebase. Will likely self-heal on next scheduled snapshot run; track if it persists across multiple runs."
"รายงานมาตรฐาน > ข้อมูลตอบสนอง Service Plan > ข้อมูลเพื่อตอบสนอง Service Plan สาขายาเสพติด > รายงานเกี่ยวกับการบริโภคแอลกอฮอล์","ข้อมูลเพื่อตอบสนอง Service Plan สาขายาเสพติด","รายงานเกี่ยวกับการบริโภคแอลกอฮอล์","ผลการคัดกรองประชากรอายุ 15 ปีขึ้นไปในเขตพื้นที่รับผิดชอบทั้งหมด ตามช่วงอายุ (Coverage)","128333f1eb8cc3f799a1c3b671f140f2","06b9ffbd9fa83f29fef3a7e7ba8119d6","https://hdc.moph.go.th/center/public/standard-report-detail/128333f1eb8cc3f799a1c3b671f140f2?subcatalogId=06b9ffbd9fa83f29fef3a7e7ba8119d6","true","false","true","true","upstream_error","HDC upstream returned HTTP 502 for reports/province/data/128333f1eb8cc3f799a1c3b671f140f2 (already retried 4x with backoff by scripts/snapshot.mjs).","none — transient HDC outage, not a bug in this codebase. Will likely self-heal on next scheduled snapshot run; track if it persists across multiple runs."
"รายงานมาตรฐาน > ข้อมูลตอบสนอง Service Plan > ข้อมูลเพื่อตอบสนอง Service Plan สาขาอายุรกรรม","ข้อมูลเพื่อตอบสนอง Service Plan สาขาอายุรกรรม","","ร้อยละของผู้ป่วยไวรัสตับอักเสบบีได้รับการรักษา","8s4ilkkui4pc5hzp1pql4","144fdf97a756b3f82dce197287e06316","https://hdc.moph.go.th/center/public/standard-report-detail/8s4ilkkui4pc5hzp1pql4?subcatalogId=144fdf97a756b3f82dce197287e06316","true","false","true","true","upstream_error","HDC upstream returned HTTP 502 for reports/province/data/8s4ilkkui4pc5hzp1pql4 (already retried 4x with backoff by scripts/snapshot.mjs).","none — transient HDC outage, not a bug in this codebase. Will likely self-heal on next scheduled snapshot run; track if it persists across multiple runs."
"รายงานมาตรฐาน > ข้อมูลตอบสนอง Service Plan > ข้อมูลเพื่อตอบสนอง Service Plan สาขาแม่และเด็ก > มารดา(สูติกรรม)","ข้อมูลเพื่อตอบสนอง Service Plan สาขาแม่และเด็ก","มารดา(สูติกรรม)","ร้อยละของผู้ป่วยที่ได้รับการผ่าตัดคลอดในโรงพยาบาลระดับ M2","2ccc38fd75fbcf1037eacebaf991f165","3dc2d92087cdc5b585eb8c0904691399","https://hdc.moph.go.th/center/public/standard-report-detail/2ccc38fd75fbcf1037eacebaf991f165?subcatalogId=3dc2d92087cdc5b585eb8c0904691399","true","false","true","true","upstream_error","HDC upstream returned HTTP 502 for reports/province/data/2ccc38fd75fbcf1037eacebaf991f165 (already retried 4x with backoff by scripts/snapshot.mjs).","none — transient HDC outage, not a bug in this codebase. Will likely self-heal on next scheduled snapshot run; track if it persists across multiple runs."
"รายงานมาตรฐาน > ข้อมูลตอบสนอง Service Plan > ข้อมูลเพื่อตอบสนอง Service Plan 4 สาขาหลัก","ข้อมูลเพื่อตอบสนอง Service Plan 4 สาขาหลัก","","การส่งต่อผู้ป่วยออกนอกเขตสุขภาพลดลง 4 สาขา จำแนกรายสาขา","f2e8b615b21f791361bc95a888ca486e","4b7d1f9bc16e8fdae6d1cf6d92922cbe","https://hdc.moph.go.th/center/public/standard-report-detail/f2e8b615b21f791361bc95a888ca486e?subcatalogId=4b7d1f9bc16e8fdae6d1cf6d92922cbe","true","false","true","true","upstream_error","HDC upstream returned HTTP 500 for reports/province/data/f2e8b615b21f791361bc95a888ca486e (already retried 4x with backoff by scripts/snapshot.mjs).","none — transient HDC outage, not a bug in this codebase. Will likely self-heal on next scheduled snapshot run; track if it persists across multiple runs."
"รายงานมาตรฐาน > ข้อมูลตอบสนอง Service Plan > ข้อมูลเพื่อตอบสนอง Service Plan สาขากัญชา","ข้อมูลเพื่อตอบสนอง Service Plan สาขากัญชา","","ปริมาณการใช้กัญชาทางการแพทย์(แผนปัจจุบัน)","9c2482db02457a65737bfd2aff933f2e","2908c586a168578a2c4aee3ab13963c9","https://hdc.moph.go.th/center/public/standard-report-detail/9c2482db02457a65737bfd2aff933f2e?subcatalogId=2908c586a168578a2c4aee3ab13963c9","true","false","true","true","upstream_error","HDC upstream returned HTTP 500 for reports/province/data/9c2482db02457a65737bfd2aff933f2e (already retried 4x with backoff by scripts/snapshot.mjs).","none — transient HDC outage, not a bug in this codebase. Will likely self-heal on next scheduled snapshot run; track if it persists across multiple runs."
"รายงานมาตรฐาน > ข้อมูลตอบสนอง Service Plan > ข้อมูลเพื่อตอบสนอง Service Plan สาขากัญชา","ข้อมูลเพื่อตอบสนอง Service Plan สาขากัญชา","","ปริมาณการใช้กัญชาทางการแพทย์(แผนไทย)","f80995ad823ea7a959acf5f72a1678ee","2908c586a168578a2c4aee3ab13963c9","https://hdc.moph.go.th/center/public/standard-report-detail/f80995ad823ea7a959acf5f72a1678ee?subcatalogId=2908c586a168578a2c4aee3ab13963c9","true","false","true","true","upstream_error","HDC upstream returned HTTP 500 for reports/province/data/f80995ad823ea7a959acf5f72a1678ee (already retried 4x with backoff by scripts/snapshot.mjs).","none — transient HDC outage, not a bug in this codebase. Will likely self-heal on next scheduled snapshot run; track if it persists across multiple runs."
